N,P,K,temperature,humidity,ph,rainfall,label
84.97,46.64,41.62,26.17,84.41,6.44,287.38,rice
87.67,44.57,41.36,22.69,83.84,6.56,182.6,rice
62.75,43.99,37.47,24.05,82.73,6.15,283.97,rice
77.74,47.92,36.44,22.55,85.28,6.21,251.27,rice
73.99,45.68,38.5,26.74,84.97,6.24,264.68,rice
67.79,48.81,35.1,21.18,85.49,6.68,245.14,rice
78.84,45.62,36.3,22.24,83.85,6.76,250.31,rice
62.37,49.53,39.04,22.32,86.53,6.76,267.94,rice
71.61,45.57,40.83,25.21,83.8,6.45,206.81,rice
68.04,52.58,43.39,23.37,87.51,6.59,220.65,rice
83.61,57.11,39.91,26.24,78.45,6.71,242.61,rice
77.01,48.07,35.03,23.12,85.89,6.87,224.45,rice
71.92,44.36,42.29,24.08,83.68,6.63,242.91,rice
89.69,43.11,39.18,22.81,81.34,6.57,247.83,rice
80.05,46.03,36.46,22.76,84.14,6.3,235.16,rice
84.04,59.29,40.44,23.95,84.81,6.02,239.2,rice
80.6,62.9,39.52,24.03,84.91,6.21,274.28,rice
87.52,52.44,37.73,25.95,81.5,6.65,300.0,rice
70.09,43.96,40.25,22.62,81.12,6.52,208.13,rice
84.74,41.75,43.87,22.13,84.19,6.7,203.07,rice
82.27,55.67,35.98,23.82,85.65,6.7,202.89,rice
66.8,50.76,40.74,23.94,85.87,6.33,246.97,rice
82.93,43.04,44.66,24.33,82.02,6.66,210.76,rice
87.87,54.74,37.95,25.19,86.03,6.71,296.9,rice
77.55,42.79,37.78,22.07,84.81,6.59,248.3,rice
88.27,47.58,43.63,23.04,91.8,6.66,214.29,rice
69.29,50.52,39.44,24.75,86.18,6.48,214.6,rice
64.85,44.71,42.14,23.87,81.89,6.54,251.56,rice
71.16,48.46,40.15,21.5,85.89,6.64,272.49,rice
90.54,38.89,37.66,24.4,86.28,6.63,300.0,rice
85.71,54.6,42.39,24.64,84.21,6.69,216.82,rice
77.63,44.47,40.2,27.55,80.33,6.67,191.62,rice
75.28,54.31,40.16,21.61,83.21,6.67,218.09,rice
82.16,47.78,38.37,27.25,86.58,5.99,245.59,rice
73.38,52.83,38.02,23.3,86.26,6.72,203.99,rice
76.65,44.53,38.37,26.59,86.01,6.18,267.54,rice
101.22,53.95,36.2,22.65,88.17,6.32,253.31,rice
87.75,41.71,39.85,17.83,82.44,6.44,202.57,rice
96.32,38.56,38.9,23.73,88.6,6.14,274.89,rice
80.1,41.37,41.16,23.85,83.5,6.52,228.44,rice
81.14,51.64,43.97,21.33,90.33,6.01,235.45,rice
85.88,49.26,38.44,23.14,83.77,6.35,265.49,rice
83.57,43.17,42.25,24.04,87.03,6.66,215.13,rice
74.4,52.17,41.53,23.46,85.29,6.82,222.25,rice
85.47,46.24,39.46,25.42,87.06,6.7,279.16,rice
80.21,51.76,39.22,24.07,84.67,6.52,257.85,rice
71.82,60.58,37.48,21.38,87.9,6.7,258.72,rice
86.28,47.42,37.76,23.63,83.31,6.74,235.59,rice
71.75,45.49,41.03,22.51,82.94,6.56,247.35,rice
74.93,44.56,40.58,20.97,81.48,6.32,233.6,rice
83.11,56.72,42.14,23.22,84.95,6.25,239.44,rice
77.11,49.52,37.93,24.41,88.83,6.47,252.05,rice
86.9,44.99,40.56,23.52,85.24,6.31,240.74,rice
84.98,56.57,42.4,27.27,83.08,6.72,245.5,rice
101.9,42.45,37.9,22.45,79.69,6.37,217.23,rice
81.5,49.64,44.69,25.16,83.56,6.28,254.76,rice
66.8,58.95,42.95,22.68,80.72,6.84,236.56,rice
92.38,37.53,38.5,23.51,85.12,6.39,258.69,rice
69.32,46.61,40.3,24.4,86.78,6.22,193.98,rice
92.78,49.58,38.13,26.21,85.29,6.79,242.03,rice
100.61,58.47,39.38,25.2,86.61,6.84,211.05,rice
86.86,54.12,35.6,21.43,79.9,6.43,261.53,rice
95.02,47.96,44.07,21.08,80.74,6.49,251.52,rice
79.67,34.58,39.78,21.22,86.67,6.59,211.8,rice
74.86,40.88,39.84,25.17,82.54,6.63,224.09,rice
72.07,46.83,37.41,22.53,82.01,6.99,241.06,rice
73.0,48.84,39.72,23.11,86.54,6.69,224.08,rice
74.24,45.78,34.25,20.85,88.42,6.91,232.53,rice
85.77,49.45,47.7,25.46,84.68,6.26,191.81,rice
82.03,42.77,36.44,22.37,82.3,6.92,266.45,rice
79.92,56.75,40.19,21.99,88.81,6.63,208.88,rice
78.1,42.03,36.54,25.12,89.77,6.15,256.89,rice
73.49,44.46,38.52,21.99,85.12,6.29,248.11,rice
79.5,46.01,37.73,22.49,86.89,6.63,210.67,rice
80.99,52.2,35.83,24.45,83.34,6.64,217.1,rice
61.95,37.33,40.12,23.95,82.74,6.66,190.15,rice
79.34,39.93,38.37,23.58,82.85,6.4,270.19,rice
74.23,52.72,37.18,24.43,88.6,5.88,216.09,rice
85.77,46.23,40.93,22.44,85.22,6.46,275.03,rice
82.54,49.61,38.97,22.65,83.92,6.6,227.37,rice
82.9,60.47,42.18,22.93,88.0,6.4,178.86,rice
69.92,35.81,39.12,23.53,89.19,6.58,233.43,rice
88.29,33.68,40.59,24.85,81.3,6.79,250.15,rice
75.85,51.45,45.68,23.82,85.62,6.39,214.5,rice
88.3,42.15,40.18,22.66,86.2,6.58,271.13,rice
74.9,45.81,37.55,22.72,85.94,6.69,212.34,rice
88.7,55.97,41.03,26.78,83.07,6.19,186.64,rice
94.96,51.59,39.86,23.99,82.19,7.11,243.88,rice
81.09,52.04,41.2,23.89,83.02,6.62,296.46,rice
93.45,57.46,38.72,21.77,84.69,6.51,272.83,rice
63.08,57.06,39.6,22.75,82.47,6.09,264.7,rice
80.73,39.44,36.76,22.91,89.17,6.44,194.91,rice
77.54,45.8,33.26,23.4,84.42,6.67,295.47,rice
91.27,45.82,37.23,28.0,85.15,6.5,239.28,rice
81.98,46.6,38.57,22.54,84.92,6.36,218.61,rice
81.06,45.91,43.76,18.86,87.73,6.81,177.8,rice
76.57,45.18,36.48,22.14,82.22,6.94,268.07,rice
92.72,52.01,37.18,22.58,86.22,6.19,261.39,rice
77.6,45.16,41.78,24.28,84.1,6.79,207.57,rice
86.16,51.21,39.23,24.07,81.87,6.73,234.45,rice
74.77,54.06,18.24,19.33,57.22,6.78,68.99,maize
97.55,34.49,24.24,22.97,64.52,6.35,89.99,maize
79.62,54.4,20.29,22.84,63.18,6.53,88.85,maize
62.9,39.07,21.86,22.88,64.08,6.56,89.34,maize
74.6,42.64,20.49,20.3,67.04,5.91,97.86,maize
84.73,49.1,22.46,26.25,70.07,5.86,69.01,maize
73.75,47.66,21.29,20.87,65.93,6.27,77.36,maize
65.93,41.73,16.62,20.3,70.27,6.19,117.9,maize
84.93,48.66,17.85,24.08,62.12,6.6,117.0,maize
79.04,54.68,18.24,22.42,73.85,6.31,107.66,maize
87.08,43.98,21.58,24.69,68.11,5.96,75.91,maize
77.52,47.03,21.55,22.9,58.32,6.69,92.63,maize
85.6,54.25,22.08,23.53,64.65,5.93,90.37,maize
82.08,49.2,16.81,20.07,70.27,6.54,93.52,maize
80.28,47.69,22.35,21.34,65.48,6.38,79.57,maize
76.91,48.89,18.8,25.33,60.53,6.48,79.5,maize
94.47,48.73,22.58,19.16,66.34,6.88,86.03,maize
90.65,44.27,23.52,27.67,63.19,6.38,103.17,maize
95.8,44.23,18.95,21.87,58.28,6.21,72.45,maize
72.32,47.28,20.59,25.99,60.01,6.92,82.33,maize
79.51,51.72,17.19,23.36,65.83,6.73,88.61,maize
104.55,43.51,18.67,21.1,62.22,6.31,99.86,maize
94.21,43.93,17.92,23.56,62.24,6.79,87.54,maize
64.84,57.17,24.49,21.12,63.06,6.66,89.18,maize
86.59,60.06,19.56,20.7,58.1,6.28,84.59,maize
97.95,44.26,20.56,22.46,70.94,7.5,78.36,maize
75.11,54.03,21.7,26.66,67.92,6.42,92.38,maize
91.09,52.63,21.27,24.9,70.85,7.07,93.11,maize
78.33,48.42,23.02,20.66,66.84,6.4,85.36,maize
92.78,48.69,20.12,19.44,68.73,6.79,112.04,maize
76.92,48.87,20.62,26.05,64.52,6.65,92.6,maize
81.87,44.71,20.49,24.92,59.87,6.6,76.25,maize
91.95,37.98,18.6,23.35,72.83,6.53,78.06,maize
98.81,38.45,14.5,23.49,62.49,6.17,93.85,maize
82.44,43.97,16.8,24.46,68.25,6.51,108.08,maize
69.3,37.97,18.27,22.4,66.22,6.46,89.4,maize
67.48,56.52,19.79,25.01,66.71,6.72,92.12,maize
84.48,51.52,23.32,22.94,68.55,6.52,103.0,maize
73.24,58.76,19.9,19.28,65.64,6.29,95.51,maize
73.47,44.71,15.28,21.48,52.88,5.96,94.51,maize
87.86,50.16,17.58,22.39,64.98,6.12,103.79,maize
88.77,46.12,20.07,22.97,54.79,6.46,76.48,maize
69.98,45.74,24.49,23.94,62.14,6.76,102.49,maize
89.25,47.87,18.38,24.07,66.97,6.89,92.94,maize
90.5,44.15,23.29,22.94,75.38,6.29,106.7,maize
81.98,43.43,18.79,21.78,67.12,6.75,77.83,maize
79.76,60.89,24.32,23.48,65.19,6.6,92.67,maize
69.77,45.89,15.83,23.4,68.24,6.37,104.67,maize
67.74,38.35,20.56,24.86,73.42,6.38,98.48,maize
79.61,46.42,22.21,23.97,57.12,7.1,102.25,maize
73.74,49.97,21.24,23.09,62.25,6.3,84.68,maize
91.73,50.9,19.07,24.24,50.76,6.98,63.25,maize
76.38,40.5,16.76,25.11,62.66,6.68,84.41,maize
84.77,47.98,16.79,24.74,62.53,5.97,79.65,maize
95.01,52.81,19.13,21.71,63.39,7.33,89.77,maize
84.3,53.94,20.6,21.92,64.02,6.52,84.53,maize
87.28,47.82,21.83,22.32,65.39,5.8,96.45,maize
83.46,53.74,12.76,27.2,64.3,6.97,72.0,maize
86.13,40.92,18.44,26.81,64.05,6.63,95.88,maize
84.96,48.44,20.91,27.91,64.71,6.63,98.13,maize
91.06,54.92,21.6,19.93,73.17,6.12,88.78,maize
72.46,47.1,20.82,23.22,67.11,7.16,90.67,maize
77.56,53.53,22.97,19.74,67.99,6.81,81.28,maize
93.76,46.56,20.31,22.11,65.08,6.14,67.0,maize
95.95,42.21,17.52,17.65,61.81,6.05,105.53,maize
90.1,43.2,25.63,24.71,63.38,5.61,113.64,maize
66.1,37.22,22.56,27.99,71.92,6.76,92.43,maize
88.53,52.24,20.7,22.73,64.69,6.27,81.49,maize
63.07,46.89,17.53,20.02,65.9,7.07,96.48,maize
64.29,41.31,22.35,20.29,63.88,6.76,72.9,maize
81.05,39.16,18.5,23.22,57.04,6.72,84.75,maize
85.52,48.9,23.41,22.78,62.85,6.6,91.79,maize
80.49,47.75,18.25,21.01,57.99,7.21,69.45,maize
73.07,43.01,22.24,21.84,71.24,6.3,88.49,maize
71.65,60.91,17.03,23.2,68.17,6.71,82.68,maize
78.7,47.77,19.63,24.67,76.05,6.34,67.88,maize
79.12,63.62,17.99,26.19,73.39,6.34,92.11,maize
96.28,45.13,19.49,21.19,59.93,6.31,69.7,maize
80.34,42.69,20.58,19.0,66.65,6.86,60.08,maize
83.74,55.17,16.98,26.26,67.1,6.29,84.3,maize
85.58,47.98,21.35,20.43,65.85,6.02,83.61,maize
70.96,42.9,23.09,24.96,68.05,6.14,81.04,maize
92.13,48.39,25.8,23.38,65.96,6.43,86.67,maize
78.48,51.93,22.39,20.73,58.34,5.86,91.35,maize
68.97,34.04,20.97,28.11,64.97,6.86,86.02,maize
79.01,53.24,19.27,23.1,66.61,6.3,97.4,maize
78.25,42.78,21.34,20.48,65.14,6.55,98.57,maize
84.75,47.34,22.04,25.63,67.79,6.55,68.6,maize
69.35,45.59,18.48,22.08,65.28,6.75,84.12,maize
84.87,47.9,15.06,20.39,64.28,6.1,92.5,maize
95.31,55.12,19.47,25.85,65.74,6.42,77.33,maize
76.98,45.07,20.43,22.86,65.02,6.71,99.88,maize
89.5,38.22,13.62,24.6,58.17,6.47,70.37,maize
61.98,50.88,21.9,21.2,52.04,6.35,89.9,maize
65.21,48.65,19.96,23.8,65.6,6.19,99.96,maize
78.41,47.33,17.67,21.5,60.58,6.49,106.4,maize
66.28,37.42,23.68,22.03,61.65,6.94,77.43,maize
98.26,51.74,18.78,27.35,61.97,6.83,88.74,maize
93.02,57.26,20.08,20.8,67.3,6.3,110.17,maize
81.37,45.22,20.46,19.47,60.14,7.0,76.79,maize
27.15,70.85,82.96,19.04,18.49,6.78,69.34,chickpea
46.26,65.48,79.37,19.5,17.83,7.53,96.24,chickpea
30.17,73.3,80.14,18.7,19.29,7.57,84.04,chickpea
43.04,65.22,77.9,17.72,14.05,8.54,71.73,chickpea
33.34,65.77,80.77,19.11,18.29,6.89,78.75,chickpea
37.12,65.95,84.02,18.87,18.1,7.66,88.8,chickpea
36.36,59.39,81.0,18.01,16.21,7.62,89.29,chickpea
35.16,69.43,84.26,18.68,20.9,7.6,66.79,chickpea
40.65,69.88,83.22,19.0,16.79,6.48,78.43,chickpea
28.62,63.87,81.47,19.75,17.59,6.5,83.33,chickpea
43.97,63.69,79.66,18.51,15.82,7.66,79.09,chickpea
38.15,61.95,78.91,19.04,16.44,8.33,77.0,chickpea
36.69,73.33,76.45,17.18,14.71,8.04,75.86,chickpea
54.19,63.97,80.46,19.66,20.01,8.54,89.06,chickpea
42.68,71.2,81.95,18.09,15.77,7.25,78.72,chickpea
31.6,71.85,82.39,18.57,19.22,6.54,78.55,chickpea
29.62,55.83,79.79,18.41,19.27,7.64,72.32,chickpea
48.91,75.13,81.46,18.33,15.56,7.02,88.17,chickpea
49.13,77.15,78.78,17.66,17.21,6.14,82.42,chickpea
33.89,64.59,76.01,18.89,16.2,6.52,58.46,chickpea
34.79,78.58,84.15,18.16,16.1,7.54,72.51,chickpea
37.26,72.29,83.07,18.42,16.69,6.7,73.8,chickpea
33.3,69.8,82.28,17.9,19.24,7.08,79.84,chickpea
29.4,52.35,82.21,19.05,16.58,7.29,83.87,chickpea
23.28,64.19,81.99,17.56,17.44,6.4,83.5,chickpea
34.73,57.41,82.91,17.95,15.78,7.38,88.61,chickpea
27.38,67.89,81.07,19.02,17.26,7.02,73.79,chickpea
35.65,60.8,72.7,18.83,18.36,5.77,72.43,chickpea
39.64,80.36,80.05,17.95,16.73,8.11,75.16,chickpea
29.01,64.48,77.62,18.59,19.44,7.45,78.11,chickpea
32.81,57.73,82.21,18.44,16.73,9.25,82.24,chickpea
29.36,64.84,82.87,18.58,14.84,7.82,74.99,chickpea
49.05,74.25,78.88,19.46,17.1,7.78,83.64,chickpea
28.65,63.48,82.57,18.25,16.39,6.65,83.18,chickpea
50.47,60.83,80.06,19.56,16.88,7.53,72.03,chickpea
38.21,66.33,82.46,19.39,20.88,7.61,82.44,chickpea
36.46,65.29,80.85,18.28,17.25,8.07,72.45,chickpea
43.55,75.73,79.7,16.91,16.09,8.06,79.83,chickpea
27.51,64.35,82.1,18.91,16.64,7.02,77.06,chickpea
28.08,77.6,79.19,19.41,19.28,7.87,76.76,chickpea
38.03,67.35,77.74,18.74,15.23,7.99,76.52,chickpea
36.51,69.27,79.35,18.94,16.29,7.79,69.91,chickpea
35.95,79.62,77.5,17.99,17.77,7.36,82.63,chickpea
38.67,71.47,82.77,18.81,16.64,7.67,94.25,chickpea
34.01,61.41,82.77,18.41,14.0,7.78,75.99,chickpea
34.32,69.57,80.48,19.03,16.35,7.57,78.05,chickpea
40.54,71.35,77.66,19.31,16.2,7.76,82.75,chickpea
48.79,66.1,79.13,18.49,16.55,7.75,67.88,chickpea
27.1,60.83,82.38,19.78,16.84,7.14,80.53,chickpea
43.71,61.7,80.6,19.23,17.75,7.37,87.51,chickpea
14.73,71.74,78.36,17.13,17.77,8.11,78.97,chickpea
42.15,77.58,83.29,19.73,18.11,7.3,67.99,chickpea
33.15,62.23,85.43,18.37,17.18,7.59,80.33,chickpea
47.71,63.61,80.49,17.94,15.02,6.87,79.72,chickpea
31.78,63.17,76.48,18.44,14.74,7.73,80.62,chickpea
24.07,65.57,78.12,18.74,19.01,6.08,80.86,chickpea
33.8,71.7,80.53,17.94,16.52,6.75,88.07,chickpea
35.16,79.38,79.85,17.97,14.73,6.12,68.12,chickpea
37.0,70.68,76.05,19.17,16.28,7.34,92.09,chickpea
41.73,65.82,77.77,16.89,15.92,7.12,72.6,chickpea
34.02,67.98,79.44,18.01,17.25,7.53,71.82,chickpea
45.58,66.88,80.05,19.03,17.35,7.85,82.15,chickpea
30.41,69.76,77.14,18.58,16.95,7.12,79.04,chickpea
20.89,64.07,80.23,18.62,15.46,8.04,73.5,chickpea
42.27,70.17,78.38,19.83,15.21,7.82,87.5,chickpea
29.97,76.2,79.37,18.72,17.39,7.17,86.08,chickpea
40.95,56.57,83.26,17.25,18.55,7.95,71.82,chickpea
31.92,60.59,79.46,18.27,18.17,8.07,90.47,chickpea
30.78,66.19,75.79,17.9,18.45,8.26,70.74,chickpea
30.56,67.33,80.7,17.89,17.64,6.95,79.89,chickpea
39.1,67.54,78.91,18.42,16.87,7.02,78.06,chickpea
46.99,71.01,79.26,19.02,16.5,7.98,82.77,chickpea
34.2,70.3,76.07,17.65,15.21,7.34,92.99,chickpea
51.73,71.49,81.25,17.15,16.19,6.76,75.34,chickpea
33.74,64.55,75.05,19.06,15.39,7.4,95.56,chickpea
28.1,51.69,79.28,19.33,19.94,6.48,83.73,chickpea
31.51,66.84,86.61,17.37,17.38,7.54,88.14,chickpea
35.73,69.43,79.02,18.7,16.49,7.64,77.23,chickpea
37.83,67.32,82.82,18.46,14.34,8.04,73.21,chickpea
30.1,63.78,83.44,16.9,21.71,7.91,81.67,chickpea
34.59,69.28,81.3,18.98,17.83,7.31,78.52,chickpea
33.87,66.28,82.83,18.95,14.0,7.66,81.46,chickpea
34.86,65.07,82.81,19.21,15.84,7.5,72.71,chickpea
24.65,63.58,82.16,19.21,17.77,7.7,83.87,chickpea
30.19,70.2,82.0,19.07,18.78,7.69,82.64,chickpea
43.03,67.33,77.8,18.38,15.88,6.83,78.92,chickpea
29.06,65.58,75.27,18.66,17.0,6.74,84.94,chickpea
42.03,57.45,78.09,17.92,15.59,7.77,78.55,chickpea
33.02,54.98,81.59,17.57,17.09,7.42,90.2,chickpea
25.18,48.63,80.46,19.85,18.86,7.38,76.31,chickpea
41.05,61.42,81.19,18.88,18.59,8.97,82.94,chickpea
31.18,67.34,75.58,17.98,16.39,6.92,81.14,chickpea
28.83,74.51,80.0,18.49,16.51,7.35,86.19,chickpea
28.5,63.39,79.24,17.49,15.77,6.95,86.56,chickpea
36.97,68.71,82.13,18.4,17.59,7.19,81.99,chickpea
30.63,52.26,79.66,19.57,18.39,7.85,89.27,chickpea
35.66,68.73,78.46,18.26,17.92,8.0,78.95,chickpea
31.62,67.5,81.5,17.42,14.0,6.91,70.84,chickpea
31.19,66.58,78.87,19.59,17.49,7.44,84.67,chickpea
26.46,73.99,79.81,19.0,15.39,6.28,86.13,chickpea
29.85,61.86,17.83,22.03,19.42,5.96,84.74,kidneybeans
31.49,65.45,21.51,18.28,21.22,5.76,82.45,kidneybeans
32.13,64.29,19.43,17.26,17.02,5.73,159.28,kidneybeans
32.4,67.38,19.34,19.55,22.46,5.6,130.07,kidneybeans
31.97,71.99,21.1,19.54,22.68,5.82,97.03,kidneybeans
23.91,68.14,23.87,16.71,18.93,5.77,106.14,kidneybeans
28.58,69.02,19.44,22.85,18.7,5.65,102.68,kidneybeans
17.23,66.4,24.15,19.55,21.9,5.59,91.13,kidneybeans
25.16,65.51,23.2,20.75,19.55,5.78,116.21,kidneybeans
34.63,77.38,17.46,17.68,19.3,5.72,115.49,kidneybeans
33.67,67.03,19.2,19.84,20.04,6.01,68.83,kidneybeans
28.65,80.15,20.02,19.07,20.87,5.73,135.89,kidneybeans
13.68,77.08,16.44,18.9,20.75,5.82,69.04,kidneybeans
30.39,80.15,16.59,19.93,20.34,5.8,105.43,kidneybeans
23.49,70.55,24.51,19.07,22.76,5.59,83.48,kidneybeans
30.45,76.78,20.89,18.8,21.5,5.59,118.6,kidneybeans
33.01,64.67,18.82,20.1,20.74,5.74,152.24,kidneybeans
25.96,65.26,18.38,21.17,21.18,5.67,134.73,kidneybeans
36.37,63.75,15.33,21.77,20.3,5.85,60.67,kidneybeans
33.08,59.93,21.83,19.53,19.83,5.7,120.44,kidneybeans
28.16,71.15,24.94,15.98,24.33,5.76,84.78,kidneybeans
19.19,66.32,22.3,19.21,24.14,5.57,104.73,kidneybeans
19.67,69.77,22.22,18.55,16.94,5.77,114.83,kidneybeans
30.03,75.22,17.32,21.03,23.59,5.53,112.19,kidneybeans
24.35,66.99,20.87,18.4,20.32,5.75,80.54,kidneybeans
20.71,71.75,17.13,21.0,22.31,5.53,89.75,kidneybeans
34.96,61.37,18.84,20.54,22.87,5.72,91.56,kidneybeans
36.39,78.37,22.45,19.69,20.09,5.65,116.76,kidneybeans
30.11,76.26,21.63,16.12,23.34,5.63,96.36,kidneybeans
29.06,79.97,27.77,20.87,21.18,5.82,124.97,kidneybeans
25.5,78.72,20.58,20.62,22.67,5.8,123.88,kidneybeans
23.64,64.01,17.25,20.49,22.86,5.81,142.68,kidneybeans
27.47,71.68,17.27,18.63,22.72,5.86,98.39,kidneybeans
27.05,58.01,19.11,21.5,22.51,5.81,106.12,kidneybeans
27.54,63.37,21.75,20.45,22.36,5.68,56.55,kidneybeans
34.36,64.51,17.84,21.06,20.81,5.88,118.88,kidneybeans
31.77,58.96,23.03,20.09,20.85,5.77,65.03,kidneybeans
30.05,61.07,16.62,16.07,23.45,5.67,139.51,kidneybeans
24.15,56.83,17.21,22.28,21.23,5.68,108.6,kidneybeans
30.64,74.48,23.62,18.69,19.18,5.7,110.86,kidneybeans
21.48,61.52,20.86,19.39,21.56,5.66,99.82,kidneybeans
21.72,73.06,22.59,15.35,19.87,5.56,90.37,kidneybeans
26.98,58.44,17.7,17.24,21.86,5.76,88.76,kidneybeans
28.61,64.08,19.32,23.27,23.85,5.59,123.67,kidneybeans
32.57,60.32,22.05,22.96,19.54,5.64,127.9,kidneybeans
29.2,70.95,20.85,20.38,19.18,5.88,131.32,kidneybeans
26.07,67.23,16.17,20.66,22.5,5.74,130.3,kidneybeans
25.41,71.03,17.45,19.45,21.19,5.78,96.69,kidneybeans
26.68,72.66,18.91,15.89,24.56,5.92,75.92,kidneybeans
31.81,64.36,20.66,20.16,21.09,5.65,89.46,kidneybeans
21.77,62.3,19.83,17.89,22.69,5.94,91.95,kidneybeans
29.0,70.62,21.18,19.67,22.8,5.81,77.15,kidneybeans
32.93,73.05,18.09,19.59,22.7,5.72,129.14,kidneybeans
42.27,62.59,16.55,20.18,22.76,5.72,137.7,kidneybeans
19.13,71.83,18.49,23.37,24.99,5.65,92.63,kidneybeans
32.87,65.08,19.89,19.56,18.14,5.75,89.48,kidneybeans
24.42,76.52,16.86,21.33,21.01,5.72,122.78,kidneybeans
29.63,71.07,22.42,18.75,20.43,5.61,86.43,kidneybeans
45.93,75.28,16.62,16.52,22.34,5.82,117.35,kidneybeans
25.91,66.72,20.82,19.69,17.62,5.72,85.84,kidneybeans
28.6,86.16,20.92,18.79,23.11,5.81,114.45,kidneybeans
31.29,80.35,17.17,20.57,19.88,5.82,84.33,kidneybeans
24.89,65.66,22.44,21.57,19.32,5.76,89.03,kidneybeans
19.63,66.14,19.23,24.96,22.26,5.58,92.29,kidneybeans
33.88,80.55,16.04,15.27,24.77,5.8,85.46,kidneybeans
30.84,51.03,20.01,20.24,23.12,5.62,106.93,kidneybeans
21.72,69.1,17.76,18.58,19.76,5.83,124.32,kidneybeans
26.03,67.74,16.38,18.83,21.41,6.08,79.98,kidneybeans
36.65,73.73,20.7,23.46,22.15,5.8,103.8,kidneybeans
35.15,74.35,18.44,16.53,21.14,5.65,103.57,kidneybeans
35.23,64.64,19.89,19.63,22.98,5.47,91.35,kidneybeans
28.82,75.0,18.77,15.28,22.58,5.67,78.23,kidneybeans
23.6,66.35,18.49,14.54,23.07,5.91,119.66,kidneybeans
20.39,66.24,19.98,20.85,22.67,5.66,106.84,kidneybeans
30.36,76.6,21.76,21.28,21.65,5.93,114.22,kidneybeans
22.12,76.27,21.74,18.5,20.66,5.79,115.42,kidneybeans
28.73,69.45,24.25,21.91,21.83,5.87,81.77,kidneybeans
29.99,78.81,19.45,17.59,20.36,5.61,87.34,kidneybeans
25.18,58.72,20.04,21.53,19.91,5.94,116.49,kidneybeans
33.94,63.39,22.14,17.04,23.06,5.77,117.45,kidneybeans
20.15,61.91,21.49,17.37,22.31,5.58,124.08,kidneybeans
19.8,70.95,21.56,17.93,22.52,5.78,92.88,kidneybeans
21.2,55.23,20.87,15.98,21.67,5.72,120.28,kidneybeans
25.61,65.44,21.83,20.25,22.05,5.81,70.45,kidneybeans
32.23,71.33,17.46,18.95,21.43,5.73,112.51,kidneybeans
36.45,74.26,16.72,20.9,23.83,5.8,129.55,kidneybeans
40.08,73.9,20.62,21.85,21.75,5.75,97.09,kidneybeans
37.27,62.38,23.83,20.62,19.05,5.8,57.75,kidneybeans
31.41,73.03,18.52,19.78,24.92,5.69,81.17,kidneybeans
36.76,79.77,20.01,21.78,23.85,5.66,94.08,kidneybeans
35.19,78.03,21.41,17.52,24.98,5.68,97.46,kidneybeans
29.64,77.21,22.13,20.43,22.31,5.76,117.56,kidneybeans
11.69,65.65,20.6,16.91,22.18,5.72,144.5,kidneybeans
37.33,64.59,19.62,19.33,20.71,5.77,87.94,kidneybeans
20.43,71.39,21.57,17.69,23.07,5.67,110.7,kidneybeans
32.63,67.29,21.14,18.34,21.16,5.72,88.2,kidneybeans
26.4,57.82,18.77,18.86,21.05,5.72,103.61,kidneybeans
30.5,72.97,18.38,16.79,19.68,5.69,97.08,kidneybeans
22.69,59.4,18.86,19.91,22.54,5.68,95.71,kidneybeans
21.71,67.3,17.88,20.79,18.37,5.71,111.77,kidneybeans
28.65,78.47,20.87,29.74,51.9,5.14,133.19,pigeonpeas
22.29,69.58,18.63,32.18,48.53,7.34,127.77,pigeonpeas
38.95,69.07,21.21,33.51,54.96,5.05,128.73,pigeonpeas
32.78,64.76,16.49,32.36,63.15,7.03,133.6,pigeonpeas
33.45,63.17,15.74,29.96,62.27,6.08,129.52,pigeonpeas
25.63,74.52,24.06,38.6,51.51,6.43,100.88,pigeonpeas
36.73,59.16,20.54,29.48,48.82,5.73,121.32,pigeonpeas
24.13,62.26,22.08,29.46,53.88,7.01,123.45,pigeonpeas
23.01,63.85,22.95,33.03,49.18,6.55,110.2,pigeonpeas
31.76,67.04,19.23,30.19,46.96,6.58,162.65,pigeonpeas
23.52,67.29,14.78,30.89,52.31,5.68,113.93,pigeonpeas
23.33,66.46,19.53,26.34,39.25,5.87,145.3,pigeonpeas
10.33,62.5,18.68,36.32,50.09,6.49,138.18,pigeonpeas
14.18,68.84,20.54,33.9,77.04,4.95,173.81,pigeonpeas
25.7,66.44,19.89,31.33,48.94,6.46,100.86,pigeonpeas
32.19,62.92,17.17,31.26,60.36,5.92,143.07,pigeonpeas
22.93,68.79,21.71,37.58,51.4,6.67,137.21,pigeonpeas
35.6,61.41,21.86,31.96,52.1,6.31,140.68,pigeonpeas
26.77,66.07,23.95,35.21,57.93,5.97,114.99,pigeonpeas
33.47,69.38,23.68,30.84,51.07,5.23,126.17,pigeonpeas
33.73,62.67,21.6,31.98,54.53,5.53,136.92,pigeonpeas
8.81,64.07,15.92,35.82,57.36,6.54,169.22,pigeonpeas
21.57,73.74,22.33,31.85,59.6,5.56,116.45,pigeonpeas
23.7,62.36,17.36,35.86,50.88,6.47,122.17,pigeonpeas
16.12,66.35,15.22,32.31,43.95,7.49,155.51,pigeonpeas
28.16,71.32,17.88,33.99,53.75,6.42,163.63,pigeonpeas
32.08,66.44,15.86,29.86,51.73,6.31,109.57,pigeonpeas
42.57,72.58,21.51,32.7,51.17,5.66,136.74,pigeonpeas
29.11,58.79,20.84,32.07,40.58,5.71,125.69,pigeonpeas
39.3,67.78,16.66,33.84,42.83,6.93,124.4,pigeonpeas
26.91,71.63,16.78,28.66,48.85,6.9,100.81,pigeonpeas
9.8,62.74,21.38,35.8,49.61,5.99,160.96,pigeonpeas
15.81,63.06,20.48,33.74,49.31,6.27,79.01,pigeonpeas
23.39,67.27,17.54,32.66,55.29,6.04,138.84,pigeonpeas
21.48,63.97,21.53,32.93,48.83,6.39,151.08,pigeonpeas
14.69,70.8,19.16,33.67,59.98,5.39,119.04,pigeonpeas
25.7,61.08,24.34,30.14,49.03,6.38,107.95,pigeonpeas
25.03,66.59,19.17,32.24,49.19,5.3,142.24,pigeonpeas
38.47,65.09,20.56,34.4,44.57,7.31,139.55,pigeonpeas
37.7,61.33,24.55,34.63,55.96,6.4,129.41,pigeonpeas
35.0,65.7,15.08,29.43,51.34,6.44,133.73,pigeonpeas
35.12,55.24,20.36,27.5,57.25,6.19,144.44,pigeonpeas
22.1,71.4,22.6,34.1,51.69,6.61,119.09,pigeonpeas
32.85,73.25,22.68,30.49,54.76,5.44,147.88,pigeonpeas
30.32,55.65,17.1,31.72,50.62,5.49,143.75,pigeonpeas
29.07,64.03,18.11,35.38,62.85,5.95,121.23,pigeonpeas
30.57,63.21,19.65,34.53,40.57,7.07,136.64,pigeonpeas
24.93,64.55,19.91,27.74,61.84,6.28,144.97,pigeonpeas
33.45,59.89,21.18,31.76,57.79,4.92,132.77,pigeonpeas
23.73,67.16,21.18,30.55,48.05,6.18,114.83,pigeonpeas
32.76,63.15,12.73,31.47,46.01,5.23,107.16,pigeonpeas
28.18,71.64,20.78,30.83,55.35,5.96,119.37,pigeonpeas
20.29,56.24,19.03,32.93,51.9,5.99,113.72,pigeonpeas
31.3,58.41,21.94,29.74,47.8,5.33,123.72,pigeonpeas
33.6,67.58,22.45,33.94,45.6,6.04,117.45,pigeonpeas
35.82,59.02,22.23,34.96,63.94,5.99,151.03,pigeonpeas
41.76,61.91,16.16,27.33,56.95,5.07,126.62,pigeonpeas
30.23,65.93,21.06,33.11,60.49,5.65,119.77,pigeonpeas
22.67,69.15,22.25,33.74,59.9,5.51,172.51,pigeonpeas
37.02,68.68,24.45,27.94,49.22,5.79,151.23,pigeonpeas
20.94,68.79,23.43,34.41,54.27,5.63,115.95,pigeonpeas
35.31,68.9,19.9,31.35,39.84,5.58,178.01,pigeonpeas
19.5,65.95,22.52,29.05,53.65,6.84,135.28,pigeonpeas
45.43,56.66,22.65,32.02,57.32,6.53,118.5,pigeonpeas
28.93,55.71,21.51,33.32,56.49,6.91,143.27,pigeonpeas
28.43,60.59,18.22,35.76,61.48,6.1,136.04,pigeonpeas
21.85,70.86,21.66,37.84,47.01,6.01,140.21,pigeonpeas
31.54,63.92,17.82,34.92,57.01,5.68,165.5,pigeonpeas
34.81,65.67,20.2,34.02,47.11,6.27,86.57,pigeonpeas
32.98,57.19,23.76,31.59,51.18,5.86,128.52,pigeonpeas
36.37,52.56,23.19,33.43,44.96,5.58,172.72,pigeonpeas
21.59,59.23,22.84,33.43,46.64,6.39,111.92,pigeonpeas
34.38,70.31,21.33,33.49,63.51,6.25,108.41,pigeonpeas
30.31,75.43,17.46,31.51,55.1,6.22,112.9,pigeonpeas
34.51,76.6,20.49,30.01,42.82,6.41,159.84,pigeonpeas
30.47,64.99,18.53,29.5,57.72,6.82,100.22,pigeonpeas
37.44,67.87,23.5,28.81,43.96,6.16,146.31,pigeonpeas
38.73,68.53,19.39,29.68,60.19,5.65,171.64,pigeonpeas
25.72,72.95,21.7,32.12,49.25,6.04,144.64,pigeonpeas
27.98,62.03,19.59,32.72,39.2,6.54,112.96,pigeonpeas
20.29,56.56,15.52,28.77,48.07,7.47,123.17,pigeonpeas
28.61,67.0,20.33,32.29,45.03,7.16,175.66,pigeonpeas
16.98,59.88,19.3,29.85,55.66,5.79,183.71,pigeonpeas
34.94,66.06,22.57,35.54,48.98,5.74,136.76,pigeonpeas
32.89,65.7,16.06,30.29,52.04,6.2,179.38,pigeonpeas
18.84,67.53,23.72,38.75,49.97,6.56,147.82,pigeonpeas
28.72,64.51,21.09,25.54,56.76,6.33,129.99,pigeonpeas
40.29,61.63,18.99,37.98,47.3,5.91,131.69,pigeonpeas
32.75,66.04,16.77,31.04,48.7,6.2,144.58,pigeonpeas
30.11,56.12,22.66,33.19,61.15,6.53,159.78,pigeonpeas
30.42,71.73,21.31,32.23,66.7,6.81,147.91,pigeonpeas
19.52,58.56,20.73,32.9,48.66,6.34,170.74,pigeonpeas
31.85,59.29,19.72,30.29,50.08,5.99,124.25,pigeonpeas
19.66,64.36,18.6,24.44,65.33,6.93,126.53,pigeonpeas
27.62,59.14,24.24,37.72,53.48,6.89,138.94,pigeonpeas
19.15,62.94,20.33,31.25,51.13,6.19,133.18,pigeonpeas
27.83,59.7,18.21,28.97,58.61,4.93,160.96,pigeonpeas
36.16,63.49,13.49,31.51,52.1,5.62,123.41,pigeonpeas
37.06,68.32,17.69,28.11,50.46,6.12,146.16,pigeonpeas
24.15,67.56,24.84,34.74,52.2,6.14,126.97,pigeonpeas
34.88,43.58,20.11,28.1,49.36,4.52,56.13,mothbeans
27.12,50.63,18.67,30.44,47.02,9.53,32.84,mothbeans
30.22,50.47,18.01,28.85,60.5,3.5,58.16,mothbeans
11.92,41.46,24.07,26.84,45.16,6.43,75.76,mothbeans
16.05,40.93,23.74,31.72,51.85,4.74,76.08,mothbeans
37.47,51.74,17.97,27.9,51.5,7.29,68.82,mothbeans
33.0,40.77,23.44,28.63,56.79,9.13,39.99,mothbeans
27.28,44.18,16.08,28.69,68.2,3.76,52.14,mothbeans
31.5,48.27,19.72,25.4,53.95,5.52,27.86,mothbeans
34.97,53.49,20.13,28.46,59.21,7.11,62.67,mothbeans
25.64,55.7,20.8,28.39,44.56,7.22,43.14,mothbeans
23.51,42.4,17.33,32.25,60.82,9.87,38.74,mothbeans
27.95,39.42,18.26,26.16,60.25,6.11,64.52,mothbeans
31.28,61.9,16.3,30.52,59.67,5.17,63.83,mothbeans
29.6,46.08,17.94,26.56,65.31,6.75,61.3,mothbeans
22.56,42.63,22.7,25.3,49.9,6.81,53.75,mothbeans
26.38,49.97,21.73,29.47,46.34,6.29,65.94,mothbeans
33.09,38.92,20.88,24.04,52.79,9.83,41.84,mothbeans
22.29,52.28,16.14,26.73,56.23,5.72,49.85,mothbeans
32.15,50.13,20.67,27.32,54.81,6.55,57.65,mothbeans
24.39,46.36,17.53,27.93,47.43,4.94,55.41,mothbeans
28.83,52.39,18.92,28.82,55.94,7.47,43.21,mothbeans
28.43,49.78,20.02,23.83,53.5,10.0,48.45,mothbeans
22.95,49.83,20.78,30.39,44.64,7.94,59.14,mothbeans
26.61,49.62,22.57,29.74,45.36,8.08,51.77,mothbeans
27.96,47.96,19.62,30.38,51.98,4.93,48.07,mothbeans
28.62,55.18,21.51,26.3,68.03,7.18,66.85,mothbeans
26.55,50.83,22.1,30.44,59.11,8.17,48.96,mothbeans
23.93,49.58,22.33,27.55,59.16,9.11,42.19,mothbeans
22.27,46.62,20.77,26.95,60.95,7.44,52.94,mothbeans
18.53,39.28,20.7,23.73,58.83,6.49,88.98,mothbeans
41.92,46.37,19.73,29.99,63.14,4.09,32.4,mothbeans
23.61,51.14,21.24,30.14,45.0,3.5,62.15,mothbeans
22.32,34.88,20.36,29.59,51.74,6.01,50.71,mothbeans
25.18,39.07,18.21,29.04,54.51,7.02,41.3,mothbeans
26.37,33.89,20.45,30.86,43.29,5.8,56.2,mothbeans
35.33,44.7,18.27,24.06,53.15,10.0,55.62,mothbeans
27.36,49.51,19.97,26.37,57.65,7.12,52.7,mothbeans
21.4,55.65,21.66,26.89,58.76,5.94,43.7,mothbeans
22.75,36.43,21.18,24.34,44.82,3.5,51.53,mothbeans
26.56,45.46,17.39,25.66,55.4,5.86,56.06,mothbeans
21.97,48.63,23.26,29.17,49.92,7.17,49.79,mothbeans
27.55,45.46,19.59,28.42,46.29,5.1,36.88,mothbeans
17.5,39.89,20.4,26.21,55.71,6.81,30.35,mothbeans
31.59,52.57,17.52,28.84,47.15,6.91,38.27,mothbeans
16.29,45.11,19.69,27.2,45.1,6.1,55.53,mothbeans
27.22,48.64,18.32,30.34,45.15,7.54,65.8,mothbeans
30.51,46.23,18.68,30.07,43.61,5.17,48.03,mothbeans
35.24,49.87,17.58,27.38,48.66,5.6,63.51,mothbeans
18.93,57.55,22.07,30.18,49.61,6.51,36.38,mothbeans
24.22,50.59,23.24,25.79,50.22,6.5,36.8,mothbeans
31.2,42.98,19.51,27.1,47.57,6.74,50.07,mothbeans
25.18,42.95,20.8,31.31,53.37,8.37,36.86,mothbeans
28.49,40.64,16.31,26.52,59.95,8.29,55.23,mothbeans
17.92,46.27,20.75,28.35,40.98,5.3,51.78,mothbeans
30.85,33.77,19.59,28.29,57.81,7.88,59.05,mothbeans
22.5,35.57,19.02,30.0,61.21,7.9,57.33,mothbeans
29.87,44.02,19.67,31.34,46.61,9.37,48.88,mothbeans
35.78,38.71,21.46,26.53,43.65,7.11,63.86,mothbeans
22.22,38.13,19.77,27.83,55.93,8.29,51.83,mothbeans
39.1,48.9,19.13,24.78,50.86,6.2,63.3,mothbeans
30.39,40.13,20.43,29.34,62.05,8.19,61.06,mothbeans
27.88,49.93,23.12,25.33,50.32,5.49,56.77,mothbeans
35.19,43.77,14.02,27.18,58.21,7.62,57.32,mothbeans
25.75,39.51,21.29,26.33,66.15,7.68,45.97,mothbeans
23.68,46.92,19.4,30.23,53.67,5.56,73.77,mothbeans
27.81,52.31,18.48,28.73,54.44,3.68,75.17,mothbeans
35.57,45.02,17.24,28.7,53.04,7.33,54.66,mothbeans
30.66,56.55,21.42,25.9,61.02,9.42,87.96,mothbeans
20.48,49.02,14.79,29.11,49.07,9.88,43.79,mothbeans
16.94,44.55,15.06,29.5,39.59,6.8,29.12,mothbeans
25.5,57.77,20.9,26.27,52.3,6.78,57.82,mothbeans
18.96,51.2,13.24,26.74,49.45,7.78,52.75,mothbeans
18.72,41.34,20.5,27.84,48.88,5.97,60.33,mothbeans
24.26,46.95,25.42,25.15,40.93,8.02,44.87,mothbeans
25.51,42.62,19.35,31.2,57.51,8.15,36.57,mothbeans
20.31,29.76,17.98,29.91,55.73,6.39,52.25,mothbeans
23.19,48.78,21.91,24.77,54.37,8.27,47.83,mothbeans
31.88,65.09,19.74,28.79,47.89,7.04,57.68,mothbeans
28.72,41.13,20.52,30.92,55.3,8.31,49.83,mothbeans
32.19,49.25,17.62,28.64,46.3,5.72,54.63,mothbeans
29.36,40.07,22.63,29.14,48.1,4.25,50.87,mothbeans
24.71,48.21,19.09,23.99,50.07,6.25,59.63,mothbeans
23.14,57.99,15.22,30.62,51.1,8.15,53.4,mothbeans
34.62,45.08,17.25,30.84,51.79,7.11,66.39,mothbeans
21.05,51.22,18.53,27.74,52.95,4.31,43.74,mothbeans
35.94,53.04,19.84,28.49,50.66,8.95,50.25,mothbeans
28.95,54.66,18.06,31.12,42.93,9.4,48.31,mothbeans
25.98,35.69,18.86,25.92,48.7,6.53,63.28,mothbeans
28.8,49.42,17.26,26.24,63.74,5.56,71.13,mothbeans
25.98,47.51,22.68,30.54,51.81,6.12,51.87,mothbeans
29.61,53.07,20.01,29.24,62.74,7.37,56.01,mothbeans
18.01,31.06,20.97,27.81,49.28,7.15,51.82,mothbeans
34.55,48.04,18.13,29.98,51.14,7.61,47.13,mothbeans
23.44,48.03,20.03,28.96,50.82,3.77,47.63,mothbeans
32.46,45.64,19.38,29.97,48.05,4.24,50.69,mothbeans
24.47,41.46,19.56,28.98,52.44,7.25,72.9,mothbeans
25.36,49.24,18.73,26.31,48.84,5.97,56.54,mothbeans
42.18,43.02,18.96,27.87,54.97,7.18,66.95,mothbeans
12.34,32.58,18.76,30.19,42.71,3.5,58.93,mothbeans
29.02,40.69,17.54,27.77,85.28,6.54,50.59,mungbean
9.66,42.14,17.18,28.31,83.65,6.9,35.88,mungbean
27.78,50.99,24.64,28.14,85.81,6.25,32.55,mungbean
32.78,47.47,22.95,27.47,86.3,7.17,50.12,mungbean
29.23,47.55,16.07,29.52,83.47,6.83,37.73,mungbean
20.13,56.47,19.13,29.59,84.8,6.24,53.08,mungbean
23.81,51.87,20.06,27.34,85.41,7.25,50.58,mungbean
27.14,54.22,20.53,28.66,82.27,6.76,53.97,mungbean
22.27,56.4,19.77,27.83,87.49,6.63,52.25,mungbean
25.68,47.13,21.23,28.72,80.01,6.42,53.31,mungbean
26.67,44.23,16.6,27.69,79.95,6.67,43.76,mungbean
21.46,47.07,20.91,30.07,81.22,6.99,53.58,mungbean
22.63,48.77,18.86,28.64,88.77,6.85,50.68,mungbean
24.81,38.22,19.48,29.4,81.18,6.44,48.29,mungbean
21.35,42.55,18.94,27.48,82.56,6.88,39.33,mungbean
17.51,43.56,21.83,28.35,83.84,6.71,36.59,mungbean
30.59,49.9,18.98,29.25,82.18,6.98,48.47,mungbean
25.4,47.38,19.73,29.42,82.31,6.51,53.98,mungbean
23.78,53.13,24.25,28.2,86.7,6.41,52.22,mungbean
28.75,50.46,18.39,27.25,86.26,6.18,45.52,mungbean
33.38,48.7,24.87,29.27,83.37,6.71,47.2,mungbean
17.61,41.62,18.6,26.97,85.12,6.64,37.04,mungbean
30.03,51.97,20.57,28.26,86.48,6.87,49.42,mungbean
22.35,49.23,22.99,28.05,90.24,6.57,47.7,mungbean
23.3,48.9,15.64,28.09,82.27,6.73,53.72,mungbean
31.54,32.68,25.11,28.72,83.06,6.74,48.6,mungbean
23.33,48.74,18.48,28.2,83.28,6.34,48.41,mungbean
31.16,50.72,22.05,28.74,83.67,6.91,39.02,mungbean
21.87,41.47,22.7,29.21,86.22,6.97,42.0,mungbean
29.68,46.72,22.12,28.41,84.04,6.84,52.98,mungbean
23.32,47.12,17.35,26.63,85.5,6.85,49.14,mungbean
15.32,45.31,14.45,29.53,82.28,7.01,53.41,mungbean
21.87,40.42,20.88,27.87,85.26,6.58,36.37,mungbean
13.56,48.92,18.6,28.09,86.74,6.99,45.8,mungbean
25.37,50.63,16.61,28.67,86.38,6.87,35.4,mungbean
22.74,42.01,20.25,28.86,88.74,6.58,44.39,mungbean
34.69,49.35,23.17,28.72,82.11,6.37,37.8,mungbean
31.64,54.93,24.62,29.13,87.91,6.55,40.27,mungbean
32.81,50.11,20.27,28.79,85.81,7.02,55.59,mungbean
30.9,52.79,21.29,28.15,86.89,6.35,54.09,mungbean
20.03,49.29,17.89,28.92,84.92,6.3,50.13,mungbean
23.89,53.01,20.0,28.8,82.61,6.55,44.63,mungbean
32.85,57.98,17.99,29.31,79.58,6.4,41.51,mungbean
19.05,37.6,21.03,28.34,85.95,6.87,49.16,mungbean
31.61,47.07,17.03,29.29,83.53,6.47,46.39,mungbean
21.79,44.89,20.86,28.76,82.76,6.58,54.21,mungbean
30.6,60.47,22.95,29.36,81.53,6.89,47.17,mungbean
24.06,48.55,22.36,28.88,82.8,6.89,43.52,mungbean
28.85,45.6,19.45,29.07,82.4,7.19,36.12,mungbean
23.76,49.81,21.46,28.42,84.86,6.8,46.06,mungbean
36.21,52.75,22.18,27.78,84.8,6.62,41.21,mungbean
29.75,44.14,21.64,27.7,89.3,6.48,48.87,mungbean
32.45,43.93,22.13,27.58,88.63,6.7,43.77,mungbean
25.63,52.56,18.54,27.94,84.45,6.41,58.88,mungbean
23.96,52.7,20.52,27.76,84.99,6.9,46.32,mungbean
34.96,53.88,22.3,28.16,82.3,6.55,48.73,mungbean
30.91,33.93,19.98,28.62,84.31,7.02,50.14,mungbean
35.69,46.15,22.34,29.73,88.28,6.43,45.91,mungbean
25.34,50.56,21.72,27.87,85.17,6.2,56.51,mungbean
24.3,47.85,19.23,29.36,77.91,6.7,46.84,mungbean
24.66,58.29,17.78,29.08,85.89,7.02,43.33,mungbean
22.92,54.35,21.06,27.34,83.65,6.8,52.74,mungbean
23.25,29.29,21.31,27.58,79.96,5.99,52.59,mungbean
28.3,46.09,23.47,28.98,89.04,6.35,47.28,mungbean
17.4,46.07,19.38,28.97,85.11,6.86,51.9,mungbean
40.97,45.53,17.65,28.68,82.99,7.07,45.73,mungbean
23.97,44.55,21.8,28.38,83.4,7.12,42.15,mungbean
27.72,51.58,15.92,28.86,82.36,6.91,41.48,mungbean
31.83,54.41,22.15,28.69,84.42,6.56,56.69,mungbean
23.13,41.02,21.66,27.9,82.62,6.34,44.48,mungbean
26.98,49.02,22.38,28.9,84.52,6.65,50.69,mungbean
35.45,48.29,18.83,27.76,81.39,6.87,51.11,mungbean
31.11,46.7,23.52,28.14,87.39,6.69,43.7,mungbean
31.2,50.06,20.89,28.56,84.91,7.3,54.9,mungbean
32.02,48.2,22.52,28.89,85.07,6.62,46.99,mungbean
7.68,48.82,18.78,29.69,85.05,6.4,47.19,mungbean
20.96,50.46,20.73,29.22,83.02,6.71,38.97,mungbean
31.88,50.74,21.24,28.5,86.04,7.1,45.72,mungbean
28.37,40.71,17.83,28.57,87.76,6.64,46.03,mungbean
24.96,44.16,20.74,27.38,88.2,6.53,52.01,mungbean
19.56,51.68,21.68,28.79,82.51,6.76,40.11,mungbean
25.92,53.93,21.99,28.51,82.56,6.86,47.62,mungbean
13.0,52.39,19.94,29.4,82.26,5.91,49.24,mungbean
29.32,36.93,17.55,30.57,84.24,6.88,43.43,mungbean
14.44,46.44,19.34,28.2,84.71,6.77,46.56,mungbean
19.6,50.54,15.13,26.96,86.85,6.83,47.14,mungbean
18.78,43.08,19.34,27.3,83.15,6.86,56.42,mungbean
24.88,52.23,15.21,28.99,82.99,6.78,45.95,mungbean
35.75,42.03,21.57,28.29,84.6,6.65,42.21,mungbean
27.41,47.11,20.6,28.56,86.99,6.93,40.93,mungbean
32.93,40.09,21.47,28.96,80.22,6.72,44.57,mungbean
22.76,55.94,18.37,27.9,85.19,6.87,46.61,mungbean
34.79,50.82,14.55,28.1,83.6,6.82,31.09,mungbean
43.43,50.82,20.37,29.39,90.86,6.92,53.43,mungbean
28.32,46.62,18.81,27.88,83.28,6.36,47.03,mungbean
16.97,48.69,19.91,28.61,83.69,7.47,56.0,mungbean
19.72,48.96,18.48,27.74,81.65,6.81,43.24,mungbean
33.55,53.71,23.43,27.86,86.19,6.86,44.54,mungbean
22.68,57.56,20.57,28.98,82.94,6.4,43.94,mungbean
26.72,40.85,19.98,27.23,82.2,6.87,51.27,mungbean
45.05,61.14,17.43,29.07,69.92,7.45,65.64,blackgram
40.29,69.17,17.94,28.7,72.47,7.42,68.09,blackgram
39.55,68.82,22.66,29.06,72.57,7.57,73.74,blackgram
49.41,71.17,23.54,31.12,65.62,7.0,68.39,blackgram
39.43,66.6,22.74,24.52,73.25,7.51,65.78,blackgram
50.9,67.52,23.07,32.46,62.25,7.34,66.73,blackgram
48.02,62.95,24.37,32.6,64.73,6.72,66.05,blackgram
50.22,69.0,23.13,31.97,71.14,7.26,62.29,blackgram
46.28,74.13,19.87,31.26,66.3,6.82,67.04,blackgram
49.43,63.4,19.41,27.65,71.7,7.05,72.95,blackgram
57.05,66.99,17.48,24.79,61.98,6.7,72.67,blackgram
48.22,69.94,14.45,27.01,70.83,7.24,66.95,blackgram
51.03,77.72,19.45,30.17,68.22,7.93,59.63,blackgram
51.77,66.78,21.42,28.36,67.32,7.38,79.17,blackgram
52.55,62.2,18.94,28.87,60.77,7.04,70.25,blackgram
39.54,74.05,21.22,28.16,66.97,7.67,70.25,blackgram
47.55,66.01,20.19,28.72,59.61,7.81,68.08,blackgram
49.99,67.14,18.16,29.54,61.5,7.89,62.87,blackgram
41.05,64.75,23.22,30.04,62.86,7.56,70.24,blackgram
50.87,71.97,25.99,35.46,64.92,7.68,68.94,blackgram
50.62,56.92,19.57,27.97,70.61,7.5,59.72,blackgram
47.36,74.51,19.53,31.82,68.82,7.26,66.48,blackgram
39.9,60.49,21.77,30.05,66.98,7.01,66.36,blackgram
54.04,65.4,16.65,31.86,66.73,7.16,73.53,blackgram
47.37,69.31,17.05,29.45,69.79,6.64,68.25,blackgram
48.13,67.76,22.59,30.84,73.04,6.83,68.01,blackgram
48.03,60.82,22.39,35.81,67.44,7.31,67.82,blackgram
43.04,56.12,18.24,26.52,73.89,7.11,66.2,blackgram
53.06,60.49,18.08,30.17,71.36,7.31,68.43,blackgram
47.99,70.0,20.5,27.43,67.67,6.8,67.8,blackgram
44.5,83.37,19.9,26.49,67.0,7.32,73.78,blackgram
43.82,57.61,22.04,26.55,65.86,7.07,67.24,blackgram
51.81,63.23,19.32,29.96,68.06,7.18,69.14,blackgram
52.77,69.95,21.13,26.04,67.69,7.31,70.23,blackgram
43.17,63.38,18.56,31.34,71.38,7.02,70.9,blackgram
48.27,66.72,19.47,31.87,68.72,7.89,64.3,blackgram
50.74,64.19,17.83,29.97,68.02,8.1,66.81,blackgram
40.44,69.21,14.81,29.77,67.56,7.41,71.15,blackgram
44.35,66.56,18.08,27.18,68.66,6.74,65.95,blackgram
41.28,70.94,24.5,26.75,60.55,7.11,67.56,blackgram
48.87,64.71,19.5,30.92,71.4,6.51,66.12,blackgram
48.84,61.76,24.33,28.41,67.35,7.33,65.28,blackgram
35.96,64.82,22.57,29.16,64.33,7.45,66.26,blackgram
44.31,68.43,21.93,35.95,70.6,7.53,65.6,blackgram
41.09,67.89,20.27,27.3,66.84,7.28,68.85,blackgram
50.65,69.32,18.73,28.72,63.0,7.73,67.55,blackgram
46.09,61.7,27.34,27.32,65.89,7.29,69.75,blackgram
53.49,78.8,21.27,27.36,66.54,7.25,75.26,blackgram
38.76,75.02,20.45,32.09,67.12,6.88,70.32,blackgram
51.59,73.58,19.97,28.5,61.65,7.42,69.09,blackgram
41.46,64.13,18.83,26.29,64.43,6.78,65.95,blackgram
42.88,57.33,25.06,33.13,64.58,7.24,69.07,blackgram
54.94,62.38,22.73,28.63,62.49,7.39,72.34,blackgram
63.67,60.0,21.75,28.98,70.44,6.67,62.76,blackgram
42.65,67.99,18.4,31.65,71.35,7.34,73.57,blackgram
50.1,59.89,23.41,28.49,70.91,7.66,69.21,blackgram
38.15,61.76,23.31,29.58,67.8,7.4,70.11,blackgram
49.24,66.2,19.22,32.14,69.58,7.07,71.56,blackgram
46.69,62.18,18.1,27.55,66.48,7.55,64.48,blackgram
48.68,63.4,19.35,26.22,66.67,7.09,69.53,blackgram
48.9,60.01,22.71,30.53,68.24,7.15,65.56,blackgram
48.86,70.47,15.63,28.65,66.54,7.23,71.97,blackgram
42.68,64.39,18.72,28.0,66.2,7.4,63.55,blackgram
50.17,56.86,18.6,29.18,73.78,7.06,59.25,blackgram
35.01,67.71,21.53,30.94,68.13,7.53,65.48,blackgram
53.09,57.3,17.74,25.48,66.47,7.13,67.93,blackgram
47.89,61.7,19.52,26.26,72.61,7.05,65.67,blackgram
57.43,59.74,17.19,27.26,67.25,7.29,70.27,blackgram
63.57,53.44,21.52,28.61,65.3,6.95,64.09,blackgram
58.03,72.76,20.06,33.38,61.83,6.72,59.33,blackgram
43.13,68.51,20.26,30.37,62.21,7.41,68.4,blackgram
52.08,55.67,20.78,27.03,66.01,7.32,67.84,blackgram
42.18,67.54,16.17,32.88,66.73,7.51,65.53,blackgram
44.23,62.72,22.19,28.23,69.92,7.03,60.09,blackgram
43.94,60.13,20.08,27.02,70.97,7.12,66.83,blackgram
51.6,73.52,19.95,28.07,60.85,6.93,65.19,blackgram
48.17,65.34,21.72,28.47,67.29,7.53,68.78,blackgram
47.12,63.74,18.42,27.87,65.47,7.4,66.67,blackgram
39.06,78.55,20.8,26.48,65.84,7.19,73.89,blackgram
40.57,73.6,23.5,28.43,66.46,6.81,66.74,blackgram
47.27,71.62,22.73,28.13,60.12,7.14,68.6,blackgram
49.06,65.46,20.31,33.79,68.93,7.03,65.62,blackgram
46.44,77.73,19.54,29.95,65.69,7.51,74.85,blackgram
50.32,68.02,20.09,24.04,70.29,7.19,69.11,blackgram
43.05,65.1,18.97,32.55,66.08,7.83,69.12,blackgram
39.53,66.7,18.37,24.51,73.5,7.38,69.5,blackgram
48.53,58.86,18.79,32.1,63.56,6.33,66.65,blackgram
46.61,68.35,21.82,31.59,68.47,7.54,61.8,blackgram
50.65,71.42,16.9,26.24,64.7,6.93,70.33,blackgram
43.66,62.15,18.47,32.8,67.55,7.09,67.09,blackgram
55.58,62.82,23.29,30.53,66.9,7.96,63.54,blackgram
45.29,59.8,22.38,34.22,73.76,7.55,66.76,blackgram
45.22,57.06,25.09,31.17,65.66,7.58,63.85,blackgram
50.04,66.42,21.6,29.84,62.06,7.17,71.43,blackgram
47.32,72.34,17.39,29.93,65.16,7.39,67.62,blackgram
51.81,74.3,21.73,30.68,63.76,7.15,65.5,blackgram
45.35,65.16,17.55,25.11,64.99,7.21,62.44,blackgram
47.6,79.38,22.56,34.11,68.97,7.53,64.79,blackgram
43.47,50.38,22.97,33.85,65.43,7.07,64.67,blackgram
49.89,74.53,15.64,31.02,66.46,7.19,69.22,blackgram
26.32,66.85,19.47,26.91,66.05,6.51,38.65,lentil
25.13,73.12,20.09,25.98,69.42,6.74,45.47,lentil
24.31,51.54,19.58,23.02,65.98,6.41,43.4,lentil
16.38,61.63,21.19,29.15,64.76,6.54,49.76,lentil
22.43,69.79,18.15,26.59,65.38,6.53,41.09,lentil
31.92,80.53,17.48,22.98,65.58,6.67,42.2,lentil
9.79,75.99,21.9,18.77,63.48,6.88,52.24,lentil
33.37,66.4,20.21,23.61,67.82,6.21,40.97,lentil
33.81,67.22,23.45,21.99,64.86,6.2,45.04,lentil
18.26,64.45,16.41,26.08,66.79,5.97,51.67,lentil
43.11,67.79,18.4,32.47,61.7,6.46,45.9,lentil
35.91,69.75,18.75,21.15,64.15,6.17,45.24,lentil
23.97,58.16,23.14,22.51,61.83,6.4,45.34,lentil
16.58,69.57,17.38,29.13,66.31,6.34,41.27,lentil
26.84,71.33,19.94,23.35,65.15,6.28,43.28,lentil
14.46,73.59,20.75,21.68,69.75,6.47,39.82,lentil
32.85,69.99,20.99,22.72,66.13,6.38,47.78,lentil
15.59,64.79,24.31,21.7,63.49,6.33,38.93,lentil
13.7,66.06,20.34,23.84,64.64,6.46,50.11,lentil
26.31,63.91,19.3,25.74,68.53,6.28,45.49,lentil
29.61,61.3,20.05,19.6,60.58,6.55,43.08,lentil
28.76,67.39,17.56,23.86,61.92,6.83,38.22,lentil
26.28,60.99,21.43,23.01,63.7,6.68,45.15,lentil
30.73,61.37,16.49,24.32,64.2,6.62,44.6,lentil
28.78,57.35,24.72,23.51,66.74,6.22,46.54,lentil
19.36,70.33,19.11,24.09,66.74,6.11,41.58,lentil
30.36,80.61,19.65,25.77,64.73,6.98,36.26,lentil
28.09,57.34,13.73,24.89,65.35,6.37,44.47,lentil
46.86,65.89,21.28,22.05,65.74,6.38,42.95,lentil
38.87,74.86,20.34,17.09,64.1,7.19,43.85,lentil
34.4,76.51,20.55,21.47,58.91,6.64,40.93,lentil
28.6,59.69,19.34,24.1,65.67,6.14,50.98,lentil
23.77,57.03,19.73,24.1,65.4,6.82,43.82,lentil
26.75,60.61,22.05,24.55,63.95,5.93,52.22,lentil
19.83,63.8,20.9,20.41,61.27,5.87,48.6,lentil
24.09,85.8,17.51,21.24,63.59,6.52,42.65,lentil
31.33,61.38,16.55,18.61,59.44,6.31,43.5,lentil
23.55,75.27,23.07,23.0,60.52,6.29,42.0,lentil
23.39,63.14,18.37,22.84,63.41,6.51,46.8,lentil
21.81,75.44,17.55,19.15,65.95,6.23,46.61,lentil
12.48,76.2,21.68,19.5,61.3,6.91,41.31,lentil
22.29,53.34,19.12,23.32,66.79,6.07,37.4,lentil
30.32,73.79,16.07,27.24,65.09,6.75,44.65,lentil
11.74,66.55,22.65,21.32,64.03,6.4,30.5,lentil
37.95,61.87,21.26,23.74,68.14,6.56,43.83,lentil
21.92,72.49,15.32,25.94,62.25,6.79,45.81,lentil
31.53,68.01,15.62,21.42,66.68,6.5,50.9,lentil
30.02,61.46,18.01,24.31,59.21,6.91,47.21,lentil
35.17,57.62,23.11,30.69,61.7,6.66,45.01,lentil
17.85,70.58,22.08,22.2,67.91,5.99,37.53,lentil
28.35,67.66,18.21,26.43,66.33,6.69,44.38,lentil
31.27,64.71,25.13,21.56,70.26,6.46,38.12,lentil
36.05,68.29,22.13,27.67,65.84,6.29,49.88,lentil
27.5,71.79,14.62,25.34,63.4,6.9,48.12,lentil
29.0,70.54,17.5,28.87,69.98,6.56,52.95,lentil
23.94,62.52,20.1,25.3,64.02,6.6,46.53,lentil
21.26,70.74,22.16,24.51,67.88,6.12,47.34,lentil
20.19,60.54,18.42,21.17,63.63,6.39,49.19,lentil
25.49,57.59,22.85,21.49,64.85,6.57,46.0,lentil
34.34,70.49,17.85,30.54,65.49,6.41,49.82,lentil
29.06,70.0,26.23,23.17,64.21,6.48,50.36,lentil
18.08,55.22,18.53,19.1,63.94,6.59,40.55,lentil
18.58,67.93,22.16,18.92,67.05,6.67,49.77,lentil
35.12,81.26,19.11,24.33,63.96,6.45,52.66,lentil
19.09,62.12,23.44,27.06,64.09,6.68,46.71,lentil
36.88,67.97,22.56,31.93,66.5,6.46,48.61,lentil
25.22,82.42,20.45,23.18,62.91,6.75,49.34,lentil
24.39,71.1,16.23,24.55,66.13,6.92,41.15,lentil
19.51,61.9,16.66,28.01,68.87,6.54,51.11,lentil
28.34,66.91,19.17,23.07,61.13,6.52,44.8,lentil
32.16,68.08,19.59,21.39,65.18,6.65,39.28,lentil
28.05,68.96,18.2,22.24,65.58,6.14,46.75,lentil
21.9,74.14,25.84,21.42,66.34,6.25,50.2,lentil
19.59,70.5,17.82,23.38,62.42,6.68,40.82,lentil
30.95,65.35,19.71,24.44,63.1,6.51,52.65,lentil
22.64,74.82,23.75,21.55,61.36,6.53,42.26,lentil
39.18,67.72,17.99,20.56,67.72,6.29,45.22,lentil
33.47,64.47,19.89,23.95,66.71,6.61,43.9,lentil
27.9,65.18,16.31,24.77,69.73,6.21,41.13,lentil
22.06,72.03,21.12,23.52,62.7,6.48,37.18,lentil
28.4,72.95,16.87,19.4,68.95,6.28,50.68,lentil
26.54,66.49,21.1,21.35,65.33,6.35,38.4,lentil
29.61,65.85,19.61,20.37,68.98,6.69,49.82,lentil
25.59,56.69,24.88,23.82,63.13,6.56,50.84,lentil
27.36,75.49,22.71,20.77,63.32,6.71,31.44,lentil
26.57,58.56,18.81,23.1,64.1,6.3,39.51,lentil
41.82,79.17,17.09,28.75,64.0,6.49,44.68,lentil
23.38,73.65,20.31,22.57,61.74,6.2,36.79,lentil
27.58,60.02,19.34,28.11,68.0,6.44,44.56,lentil
39.25,70.75,19.18,19.72,65.98,6.68,41.84,lentil
29.32,65.23,19.54,16.54,64.45,6.72,41.84,lentil
27.83,62.78,20.9,23.35,62.65,6.82,49.64,lentil
23.72,70.61,21.34,25.93,60.76,6.73,42.15,lentil
25.26,83.99,20.75,22.84,59.49,6.83,38.27,lentil
21.23,65.43,23.54,26.32,64.61,6.53,42.0,lentil
28.37,67.96,22.42,26.9,66.23,6.35,48.71,lentil
26.93,60.74,18.99,24.25,67.28,6.4,38.95,lentil
27.85,68.21,20.46,26.76,67.55,6.29,41.92,lentil
21.0,71.87,23.62,23.05,64.4,6.85,47.53,lentil
30.23,60.06,21.7,21.21,62.16,6.35,42.07,lentil
26.12,12.8,42.4,23.47,85.13,6.77,103.57,pomegranate
32.86,19.66,40.07,21.18,93.03,5.82,107.82,pomegranate
34.38,23.58,45.81,20.57,92.39,6.3,109.7,pomegranate
27.45,18.06,43.27,20.64,86.47,6.13,107.86,pomegranate
36.2,20.56,43.3,19.12,88.89,6.23,105.66,pomegranate
28.03,23.45,38.89,21.74,89.89,5.96,105.66,pomegranate
26.6,19.17,40.08,21.63,88.92,6.89,102.49,pomegranate
22.99,33.9,37.41,19.13,91.84,5.47,105.29,pomegranate
40.91,12.28,35.05,18.88,92.25,6.83,104.46,pomegranate
31.77,26.95,44.47,21.07,84.25,6.0,104.72,pomegranate
25.88,19.06,42.8,23.73,89.57,6.82,107.07,pomegranate
27.9,24.53,40.18,25.1,86.4,6.13,105.62,pomegranate
30.25,26.34,39.94,19.01,92.11,6.67,100.17,pomegranate
27.48,12.05,38.34,19.92,92.02,6.4,102.14,pomegranate
33.0,12.83,40.83,20.08,89.09,6.56,107.56,pomegranate
35.86,19.59,40.77,20.73,90.45,6.54,105.71,pomegranate
16.23,21.66,40.91,20.31,86.79,6.98,107.47,pomegranate
26.07,14.31,37.95,23.78,90.34,6.12,107.53,pomegranate
22.41,27.5,43.38,20.68,88.43,5.24,101.56,pomegranate
19.13,20.68,39.18,19.15,89.3,6.56,107.58,pomegranate
15.63,19.36,36.54,23.08,91.96,5.97,103.7,pomegranate
24.62,8.74,40.84,21.02,92.43,5.88,104.14,pomegranate
18.08,14.98,37.05,23.24,88.25,6.4,104.86,pomegranate
19.57,19.16,41.5,19.39,92.02,5.99,104.55,pomegranate
30.82,16.68,40.09,20.95,90.32,5.34,100.51,pomegranate
31.35,25.19,37.72,21.07,90.74,6.64,99.92,pomegranate
21.96,18.34,41.76,25.87,89.43,5.75,107.21,pomegranate
35.76,20.54,37.73,23.18,91.66,5.91,107.14,pomegranate
33.73,25.91,39.83,20.87,93.07,5.84,107.32,pomegranate
18.94,25.33,39.35,23.72,91.23,5.83,110.27,pomegranate
37.2,24.41,38.1,20.96,90.36,6.05,111.08,pomegranate
28.4,6.48,40.85,20.89,89.81,6.19,108.42,pomegranate
34.5,21.42,39.15,21.43,90.05,6.01,107.74,pomegranate
30.38,27.7,43.14,20.3,92.05,5.95,108.09,pomegranate
24.27,14.88,40.7,16.82,85.62,6.27,106.25,pomegranate
25.19,12.1,37.96,22.18,91.45,6.34,109.47,pomegranate
29.98,16.26,39.3,19.04,89.73,6.82,108.06,pomegranate
36.26,18.49,43.37,21.16,93.68,6.34,108.12,pomegranate
36.72,19.03,40.55,23.76,89.67,5.79,112.43,pomegranate
24.56,20.79,42.89,20.44,87.48,6.46,100.62,pomegranate
25.7,21.23,39.33,18.8,93.99,6.39,110.29,pomegranate
25.87,15.6,40.67,21.12,87.06,6.97,104.13,pomegranate
16.0,26.64,38.74,20.44,85.59,7.09,102.13,pomegranate
27.87,24.56,41.05,21.4,85.75,6.01,106.56,pomegranate
22.58,21.02,41.7,23.18,86.93,7.28,108.3,pomegranate
27.49,25.45,45.91,18.98,89.44,5.34,106.58,pomegranate
29.78,19.8,38.36,17.91,90.93,6.97,104.23,pomegranate
30.25,12.16,41.14,20.81,88.09,6.03,104.82,pomegranate
29.89,13.44,39.01,21.43,87.25,7.11,103.44,pomegranate
23.32,15.11,44.5,22.47,87.66,6.82,106.6,pomegranate
29.11,18.28,38.13,22.09,88.64,7.12,102.19,pomegranate
37.1,19.44,40.75,22.96,88.42,6.72,97.88,pomegranate
23.0,15.38,36.87,21.12,90.96,6.65,106.72,pomegranate
23.34,21.85,40.31,23.14,91.94,6.36,103.31,pomegranate
23.42,17.25,39.21,21.97,91.79,6.33,106.05,pomegranate
28.4,17.42,37.69,18.43,88.26,6.55,103.89,pomegranate
26.01,22.33,41.3,19.61,92.49,6.83,102.61,pomegranate
22.35,25.96,39.63,17.62,86.5,6.24,102.51,pomegranate
24.92,20.16,43.66,20.99,92.68,6.96,110.3,pomegranate
29.28,10.18,41.15,23.33,89.8,7.09,108.58,pomegranate
31.05,25.43,40.83,17.14,88.75,6.86,103.58,pomegranate
26.1,14.78,44.46,24.44,87.79,6.41,103.96,pomegranate
31.34,22.55,42.03,22.08,97.34,5.91,100.87,pomegranate
25.04,12.16,36.27,19.75,87.69,5.94,107.55,pomegranate
24.34,19.1,42.24,20.16,89.34,6.51,100.18,pomegranate
12.59,21.73,41.23,25.11,90.4,6.7,105.41,pomegranate
29.36,28.34,34.69,22.22,95.34,6.47,110.95,pomegranate
23.57,19.84,40.08,17.62,87.08,5.88,108.47,pomegranate
32.95,21.62,42.06,21.21,93.0,6.35,106.17,pomegranate
25.84,23.42,38.95,23.21,87.17,5.88,108.06,pomegranate
26.95,17.73,42.23,20.44,89.5,6.94,110.62,pomegranate
37.33,18.59,43.08,19.84,87.73,5.35,111.02,pomegranate
22.1,19.37,37.72,22.72,89.06,5.8,107.32,pomegranate
18.54,15.81,34.73,19.01,90.45,5.52,101.56,pomegranate
27.49,17.28,44.98,24.71,87.83,6.59,108.25,pomegranate
23.77,12.52,39.97,21.2,88.91,6.54,103.75,pomegranate
20.3,20.55,40.96,19.44,92.32,5.6,104.27,pomegranate
25.89,16.82,38.59,24.77,87.87,7.39,107.31,pomegranate
28.08,22.38,46.32,19.76,87.2,6.03,106.1,pomegranate
16.71,20.11,44.23,21.76,89.27,6.09,108.7,pomegranate
22.34,29.23,44.83,21.95,89.97,6.79,109.28,pomegranate
22.46,17.37,36.69,22.22,91.67,5.78,104.63,pomegranate
19.08,15.51,41.38,20.22,89.25,5.66,106.56,pomegranate
27.22,16.36,39.53,21.82,87.96,5.72,111.42,pomegranate
23.54,19.52,42.53,27.68,86.89,6.54,103.88,pomegranate
24.13,16.4,37.19,21.43,86.31,6.75,106.17,pomegranate
30.14,17.67,39.08,22.0,87.09,6.2,103.42,pomegranate
21.93,9.45,43.35,20.3,92.91,6.8,102.14,pomegranate
20.7,32.8,44.38,21.44,90.64,6.08,107.3,pomegranate
23.02,9.84,36.7,21.54,87.17,6.32,102.78,pomegranate
22.61,24.27,40.62,21.48,92.2,6.55,110.34,pomegranate
24.63,17.85,36.75,20.75,92.41,6.9,108.88,pomegranate
16.29,25.42,35.4,23.07,89.08,6.65,102.0,pomegranate
34.82,12.68,38.33,19.75,85.61,6.39,111.42,pomegranate
44.17,20.49,42.79,21.91,91.25,6.2,106.59,pomegranate
30.86,17.11,39.81,21.4,92.07,5.9,105.85,pomegranate
39.45,25.82,43.37,21.54,90.8,6.78,110.68,pomegranate
15.3,13.42,43.27,21.02,88.32,5.82,104.33,pomegranate
18.74,30.46,39.94,21.4,91.47,6.76,108.84,pomegranate
34.21,16.85,39.26,22.85,88.68,6.35,107.2,pomegranate
107.85,71.39,51.79,27.21,81.77,6.19,117.06,banana
113.53,90.92,53.61,27.86,80.08,6.22,110.49,banana
96.91,85.03,49.91,26.43,83.23,6.01,120.37,banana
83.75,79.02,50.08,28.92,81.0,6.08,96.55,banana
88.43,84.52,46.59,26.84,81.25,5.75,117.04,banana
112.24,72.68,47.67,24.64,78.04,6.19,101.9,banana
104.61,72.99,51.99,26.81,80.03,5.98,95.46,banana
88.47,88.55,51.0,28.81,80.81,6.04,92.05,banana
97.3,82.33,54.88,28.36,83.84,6.15,99.67,banana
101.17,83.98,47.65,27.02,79.49,6.4,89.39,banana
112.06,76.65,46.57,28.97,81.83,6.31,111.01,banana
120.6,85.99,49.61,27.93,83.11,5.81,100.11,banana
96.91,69.35,50.35,25.14,80.13,6.22,101.42,banana
116.77,73.37,52.98,28.34,75.71,6.68,104.52,banana
91.23,73.71,49.45,27.34,80.26,5.93,109.75,banana
96.12,70.41,49.63,24.54,80.88,5.76,106.23,banana
113.14,76.57,52.65,26.96,84.38,5.91,98.7,banana
106.87,79.78,47.9,26.9,79.89,6.34,90.49,banana
100.23,86.41,50.48,29.14,79.81,5.95,109.44,banana
100.99,80.06,51.29,26.68,78.47,5.87,115.15,banana
67.79,84.97,50.09,25.4,80.77,6.12,109.42,banana
73.48,91.04,48.16,28.36,81.85,5.78,109.95,banana
96.15,69.55,52.92,26.53,77.86,5.9,107.04,banana
99.43,85.93,46.65,26.57,79.71,6.47,104.15,banana
110.85,82.74,48.79,27.19,79.58,6.15,115.31,banana
103.6,89.92,47.59,26.98,78.19,6.08,102.31,banana
107.3,76.68,50.11,28.36,74.84,6.53,102.88,banana
79.75,83.49,50.08,27.4,82.48,6.19,107.23,banana
104.5,81.85,54.44,25.65,80.35,6.02,111.1,banana
91.56,71.6,50.39,27.85,83.72,5.68,113.66,banana
123.67,80.14,46.77,26.99,80.04,6.14,100.56,banana
115.55,75.53,45.65,28.88,74.31,5.95,128.38,banana
99.88,75.5,49.86,27.44,80.4,6.17,97.21,banana
116.88,84.03,51.82,26.71,83.22,5.94,107.08,banana
90.67,76.27,51.72,26.95,77.87,5.84,110.24,banana
93.71,81.76,50.04,25.1,76.32,6.08,99.47,banana
110.57,88.54,51.8,29.77,79.79,6.16,100.62,banana
124.52,94.9,50.03,27.98,83.4,5.96,100.08,banana
108.74,82.99,50.46,26.46,75.71,6.06,111.79,banana
97.74,91.48,48.24,26.18,79.83,5.98,110.77,banana
92.25,91.05,54.92,27.45,83.12,5.74,113.06,banana
110.47,87.9,49.96,23.81,78.4,5.84,97.66,banana
101.22,79.88,47.94,26.18,78.21,6.28,100.04,banana
94.85,79.65,50.85,28.07,72.39,6.26,115.77,banana
89.5,76.42,48.87,26.55,80.56,5.51,96.62,banana
115.39,76.7,53.11,27.94,75.48,6.16,104.12,banana
95.45,84.03,51.19,28.38,82.95,6.1,94.68,banana
95.26,100.89,51.81,30.46,83.49,6.06,107.26,banana
99.63,71.64,50.05,29.01,78.5,6.1,111.39,banana
90.9,79.68,47.46,26.47,76.78,5.77,115.65,banana
90.85,83.29,48.74,28.97,83.28,6.22,107.3,banana
97.69,75.05,54.86,26.55,81.66,6.26,100.84,banana
110.38,87.28,54.32,26.91,76.79,5.87,106.57,banana
100.58,80.04,45.23,28.09,84.93,6.12,109.57,banana
105.72,84.98,52.33,27.99,79.22,5.8,103.13,banana
103.14,80.52,50.79,28.05,82.08,6.32,105.59,banana
86.92,80.34,50.11,25.21,83.47,6.04,107.86,banana
113.66,78.56,51.44,27.36,79.54,5.81,117.49,banana
96.24,86.87,45.31,28.97,82.63,6.02,103.3,banana
104.0,96.8,45.59,28.48,77.72,6.0,103.14,banana
95.72,82.43,47.16,28.79,75.51,6.13,102.55,banana
88.29,83.76,46.11,27.55,76.44,6.12,98.07,banana
95.49,84.34,48.07,27.43,76.22,6.16,118.24,banana
127.92,83.07,51.97,25.27,83.76,6.19,101.37,banana
112.37,80.91,48.85,28.09,77.34,6.26,97.08,banana
89.5,76.81,51.9,26.73,76.63,5.85,104.76,banana
88.19,75.3,55.28,26.42,79.19,5.91,101.84,banana
106.21,88.43,49.24,25.95,83.19,5.98,117.98,banana
77.54,83.72,54.8,27.06,79.44,6.07,100.81,banana
96.88,80.39,48.43,29.04,81.15,6.06,111.06,banana
97.36,77.66,48.49,27.5,77.35,5.87,101.13,banana
121.25,65.16,49.55,29.66,80.3,6.19,105.75,banana
93.33,68.49,50.51,26.53,78.0,5.88,118.09,banana
124.05,83.86,48.84,26.03,81.17,6.45,103.14,banana
76.21,86.69,52.46,25.52,80.44,6.11,104.45,banana
92.09,88.85,48.99,25.64,74.88,6.32,109.62,banana
100.88,79.75,48.68,26.16,78.92,5.47,99.48,banana
96.89,86.31,49.9,28.49,83.37,6.26,108.53,banana
100.12,76.37,51.85,29.6,80.86,6.48,93.56,banana
88.46,87.85,50.66,29.14,79.96,5.78,103.4,banana
84.67,75.45,52.43,28.59,80.91,5.57,102.31,banana
87.75,89.85,48.54,26.14,80.07,5.84,116.13,banana
92.65,73.75,44.62,27.46,78.6,5.64,113.92,banana
106.67,82.32,53.41,28.33,77.94,5.74,111.13,banana
103.96,83.56,47.88,28.26,78.11,5.97,115.85,banana
93.39,72.67,47.37,28.74,80.64,5.97,101.18,banana
104.85,77.19,50.76,26.59,77.76,5.84,102.18,banana
99.51,83.97,40.78,26.49,79.02,6.38,96.9,banana
101.63,91.84,46.72,27.99,77.99,5.87,98.98,banana
92.68,99.51,52.11,28.88,81.23,5.6,107.96,banana
110.73,77.17,52.41,28.38,84.63,5.9,96.77,banana
96.38,91.47,45.43,24.91,80.22,5.89,105.06,banana
109.45,79.05,45.32,30.06,77.51,5.74,113.28,banana
96.16,82.1,51.21,28.85,79.17,6.38,88.98,banana
107.6,77.25,53.43,27.68,78.32,6.17,111.7,banana
106.42,76.06,48.79,27.49,79.9,6.19,89.89,banana
103.34,80.69,47.9,26.57,79.46,5.1,99.74,banana
91.24,85.83,47.99,27.23,83.86,6.25,111.77,banana
95.0,85.89,49.42,27.25,81.02,5.85,116.2,banana
98.4,86.36,53.64,28.79,76.48,6.11,111.38,banana
33.07,20.54,28.36,33.74,48.1,5.56,97.88,mango
27.2,22.96,27.81,32.25,46.67,5.6,91.67,mango
35.62,31.67,28.21,34.15,49.25,4.98,89.14,mango
36.49,28.53,30.03,35.18,46.42,4.95,81.92,mango
29.83,28.54,33.86,32.05,48.99,5.75,90.59,mango
17.05,44.44,31.3,31.97,51.54,6.19,89.3,mango
23.55,31.25,30.96,29.68,53.55,5.93,93.65,mango
36.2,27.64,30.79,33.32,48.19,5.78,90.63,mango
21.52,41.99,26.48,28.58,53.29,6.2,84.87,mango
31.3,36.67,29.92,37.35,45.69,6.18,95.83,mango
33.07,26.22,29.27,32.5,52.04,6.13,95.2,mango
21.13,26.08,27.65,30.63,52.54,5.82,103.03,mango
28.71,27.87,30.27,30.06,49.86,6.45,90.57,mango
22.54,21.72,28.87,31.67,52.98,4.91,88.4,mango
28.4,16.04,27.92,29.97,48.01,5.87,89.2,mango
24.03,30.17,34.31,35.19,45.19,6.11,89.11,mango
28.47,25.01,30.29,31.84,48.55,5.19,87.76,mango
28.96,31.24,32.13,30.39,50.71,6.35,95.83,mango
27.13,26.12,30.48,28.91,49.52,6.22,93.21,mango
25.81,28.86,27.94,33.08,49.81,5.58,88.19,mango
27.11,24.7,31.65,30.61,53.98,6.67,85.54,mango
27.94,23.43,29.18,36.01,49.23,5.98,92.71,mango
21.25,22.16,26.98,29.51,42.87,6.09,100.27,mango
28.42,18.65,28.39,30.47,47.46,6.29,94.05,mango
20.28,32.03,33.82,35.78,57.16,5.19,104.12,mango
25.29,23.8,30.82,30.19,51.0,4.92,88.81,mango
35.53,27.14,30.35,32.57,52.93,4.72,92.92,mango
25.82,28.54,32.65,28.81,47.47,4.54,87.25,mango
35.82,26.75,26.65,30.41,46.28,5.05,91.94,mango
20.16,34.45,29.82,31.69,49.3,6.23,93.92,mango
29.59,31.03,29.47,32.72,49.16,5.75,88.63,mango
24.64,23.19,31.17,34.45,52.93,4.96,96.45,mango
25.51,31.25,27.73,31.82,50.78,4.82,93.04,mango
35.91,26.41,33.4,31.07,52.12,4.36,102.09,mango
36.85,25.72,25.07,32.15,46.39,6.03,92.06,mango
21.62,34.51,32.01,33.7,50.02,4.87,94.89,mango
25.81,18.81,33.38,36.22,49.9,7.1,90.46,mango
25.12,23.56,34.09,29.74,51.84,5.4,87.7,mango
33.94,25.12,28.99,34.05,53.99,6.15,86.73,mango
24.31,28.0,30.8,29.28,51.81,5.8,81.42,mango
21.69,24.35,29.82,35.75,50.6,5.22,91.1,mango
25.3,29.53,31.45,34.22,49.94,6.77,94.54,mango
23.08,41.31,30.82,29.62,54.13,7.05,89.83,mango
24.35,26.42,31.79,34.38,51.43,5.81,97.49,mango
25.54,33.94,29.28,32.47,49.72,5.72,88.11,mango
35.91,22.92,28.15,36.27,52.44,4.26,87.17,mango
16.18,21.56,22.15,31.19,47.15,5.79,81.87,mango
28.02,24.91,33.75,34.68,51.96,5.55,99.93,mango
17.79,18.73,29.79,36.57,49.49,5.64,82.79,mango
33.41,33.46,31.97,30.08,48.23,4.94,90.42,mango
20.75,20.14,28.94,30.4,48.66,6.04,90.4,mango
25.7,28.64,27.52,31.74,50.38,4.81,94.98,mango
21.99,28.06,32.91,33.58,50.09,5.52,94.74,mango
31.72,23.64,28.01,26.84,50.39,5.7,95.68,mango
29.74,35.84,28.26,34.06,48.68,6.24,82.71,mango
28.97,15.1,29.33,32.49,48.7,5.09,94.23,mango
26.85,24.44,30.1,37.43,52.88,6.48,92.18,mango
28.54,12.52,28.3,30.42,45.31,5.03,80.1,mango
27.26,32.62,32.77,32.43,47.59,4.54,81.22,mango
19.57,21.94,29.6,29.22,50.85,5.6,90.05,mango
34.63,20.12,31.05,31.47,49.17,6.3,94.4,mango
21.58,26.36,30.7,30.89,51.46,5.93,99.16,mango
17.94,26.73,27.73,32.86,45.96,5.97,86.85,mango
22.91,18.46,28.84,33.94,49.94,6.14,98.32,mango
29.15,24.01,31.17,30.28,48.74,4.8,94.63,mango
25.09,28.64,27.41,32.48,48.1,5.66,94.39,mango
32.44,27.36,25.58,38.23,54.36,6.2,86.23,mango
26.79,24.1,33.16,32.09,48.04,5.46,95.61,mango
37.5,37.05,31.89,30.93,41.9,5.94,89.99,mango
28.37,27.84,26.68,32.75,51.58,6.18,94.73,mango
31.28,24.94,29.82,31.71,50.27,6.37,93.22,mango
40.48,41.29,30.2,22.87,53.09,5.41,85.99,mango
25.01,24.71,31.53,27.99,47.31,5.96,93.11,mango
31.51,22.58,27.55,30.36,50.6,6.68,79.76,mango
26.12,19.17,25.87,33.68,51.36,6.03,94.61,mango
24.5,24.8,35.46,30.95,51.84,5.75,80.76,mango
14.72,23.88,32.64,33.27,52.29,5.13,98.08,mango
21.47,28.83,29.97,31.11,53.35,5.31,83.25,mango
27.62,25.0,38.44,33.02,48.98,5.09,80.6,mango
21.09,28.22,33.57,34.02,50.57,5.55,91.34,mango
24.26,38.24,29.53,31.31,44.46,5.63,94.18,mango
20.83,22.81,31.98,28.18,52.64,5.42,88.06,mango
20.48,29.86,36.15,33.26,47.84,6.46,88.42,mango
36.09,32.54,22.64,29.24,52.36,5.84,84.88,mango
23.54,15.59,29.78,36.47,52.01,7.12,94.41,mango
33.92,39.84,30.94,31.08,52.58,6.66,87.6,mango
22.99,28.37,32.08,33.3,46.44,6.94,86.79,mango
25.84,21.86,36.75,32.04,47.87,6.29,93.85,mango
26.33,32.75,27.94,30.39,44.97,4.92,99.04,mango
37.76,27.91,34.16,31.14,49.39,5.79,89.38,mango
26.16,34.65,30.38,33.1,52.58,5.99,85.15,mango
19.04,28.43,29.57,31.7,49.96,7.36,83.35,mango
15.06,29.58,29.06,32.21,51.46,6.55,82.46,mango
24.02,30.18,31.93,36.44,52.39,5.71,85.55,mango
23.97,23.8,31.64,32.08,46.69,5.48,94.39,mango
29.7,31.05,30.96,35.16,50.59,5.51,85.42,mango
29.06,12.25,29.54,31.04,46.59,5.17,94.05,mango
28.94,28.14,30.77,31.71,53.11,5.83,82.71,mango
37.69,29.81,28.53,28.68,50.99,5.68,97.87,mango
25.34,22.27,32.24,33.58,50.42,6.17,89.81,mango
122.34,139.78,201.56,22.65,88.38,5.41,75.2,grapes
102.94,128.58,199.9,22.83,87.52,5.74,68.48,grapes
114.22,134.34,199.84,24.74,83.63,5.87,68.58,grapes
129.44,128.76,197.83,28.91,84.92,6.21,64.1,grapes
102.21,129.17,198.08,23.37,83.41,6.19,66.42,grapes
121.5,133.49,200.49,23.81,86.28,5.8,72.75,grapes
117.63,124.3,200.47,17.19,86.66,6.55,64.55,grapes
123.32,121.53,201.13,16.91,83.44,5.72,70.25,grapes
130.07,132.65,197.84,36.72,83.12,5.46,69.22,grapes
108.95,138.68,199.05,28.83,88.5,5.7,65.38,grapes
119.24,142.11,198.35,19.24,86.2,5.86,68.07,grapes
104.48,145.0,196.63,21.43,84.92,6.48,62.53,grapes
139.84,137.23,201.04,16.12,86.43,5.82,72.25,grapes
110.29,131.79,198.61,16.1,86.85,6.13,72.03,grapes
102.2,139.15,205.0,20.39,89.74,5.93,62.35,grapes
116.94,139.05,197.9,19.2,86.48,6.0,69.69,grapes
122.38,135.5,198.92,25.85,82.68,6.32,65.12,grapes
131.29,131.04,200.5,20.04,82.46,5.56,63.54,grapes
116.76,133.82,202.53,20.43,82.8,5.64,69.3,grapes
133.83,140.41,201.77,29.11,89.24,6.08,69.92,grapes
116.79,123.99,198.29,23.93,85.15,6.48,67.8,grapes
131.79,129.78,199.22,13.37,83.14,6.13,67.53,grapes
129.43,133.63,199.12,41.19,84.77,6.29,66.0,grapes
127.1,138.3,200.52,8.0,85.05,6.31,69.48,grapes
124.46,121.74,198.2,27.29,86.03,6.3,66.96,grapes
124.06,132.6,197.53,8.0,86.08,6.04,65.18,grapes
103.81,136.44,199.34,28.45,89.66,5.46,64.88,grapes
117.91,141.59,195.91,39.49,85.34,5.98,66.76,grapes
115.64,139.05,197.33,26.76,84.04,5.81,77.2,grapes
124.19,136.33,202.84,12.63,89.38,5.37,64.62,grapes
115.41,136.14,200.55,22.67,84.97,5.76,61.89,grapes
127.27,136.84,203.96,17.68,86.73,5.93,71.96,grapes
130.22,133.82,199.15,31.69,86.62,5.83,62.52,grapes
117.11,141.97,202.87,15.1,82.08,6.32,63.24,grapes
125.09,128.65,204.04,17.84,87.86,6.05,68.45,grapes
100.3,118.73,199.45,25.98,82.19,5.73,69.61,grapes
125.63,131.64,201.95,14.61,84.11,6.41,67.76,grapes
121.26,145.0,196.5,30.37,89.16,5.92,70.72,grapes
110.18,128.21,200.96,30.39,87.8,6.39,67.25,grapes
131.94,130.36,202.26,25.66,86.11,6.11,61.48,grapes
108.76,133.14,195.78,30.65,87.18,6.08,63.3,grapes
133.8,145.0,200.37,28.08,85.5,6.13,67.05,grapes
119.65,138.16,205.0,12.8,84.74,5.7,73.47,grapes
114.12,123.48,201.6,37.95,86.66,6.05,69.03,grapes
134.15,127.04,199.72,20.38,82.08,5.92,71.65,grapes
125.67,136.53,200.37,28.19,83.0,5.92,68.22,grapes
122.78,134.5,199.65,20.98,92.89,6.23,69.05,grapes
117.67,129.68,199.67,26.34,80.3,5.61,65.11,grapes
122.07,131.0,203.7,12.14,83.12,6.38,67.99,grapes
128.85,145.0,198.27,23.21,84.32,5.51,66.34,grapes
128.81,135.88,201.55,21.0,83.36,6.32,65.64,grapes
122.94,133.52,203.65,31.77,81.76,5.7,69.67,grapes
119.36,129.66,202.54,25.5,85.13,6.19,66.09,grapes
135.69,127.57,201.64,35.47,81.56,5.91,71.78,grapes
131.57,131.43,198.16,31.65,87.96,5.71,62.99,grapes
122.25,136.43,199.25,29.43,83.22,5.47,65.91,grapes
120.63,130.78,197.1,9.47,83.71,6.22,72.21,grapes
131.88,127.4,197.12,27.97,86.59,6.1,59.95,grapes
111.33,132.31,201.22,30.14,85.36,6.08,67.82,grapes
126.86,134.46,200.16,21.85,85.2,6.12,68.5,grapes
123.81,140.89,200.66,18.81,87.21,5.66,63.44,grapes
123.36,135.73,196.89,20.94,83.48,5.88,71.04,grapes
127.07,132.38,198.64,13.2,88.55,6.15,64.85,grapes
127.2,132.06,199.28,27.48,83.15,5.91,67.96,grapes
115.01,136.68,204.67,17.97,80.84,5.5,66.94,grapes
113.37,133.8,200.33,11.17,80.46,6.07,68.01,grapes
115.74,122.14,201.18,34.18,85.69,5.79,67.67,grapes
106.34,139.11,200.2,9.85,84.25,6.12,66.25,grapes
117.24,124.85,201.42,18.81,79.61,5.91,71.18,grapes
116.13,143.36,201.07,26.71,84.68,5.98,66.51,grapes
116.98,135.82,197.66,15.39,82.19,6.51,69.49,grapes
123.04,125.89,201.56,23.07,85.54,5.76,68.1,grapes
115.76,127.71,201.84,11.7,86.41,6.17,64.2,grapes
111.8,131.11,200.71,22.78,86.08,6.44,65.6,grapes
102.85,137.66,204.21,27.14,82.28,5.97,63.31,grapes
126.43,124.05,199.25,15.97,85.32,5.91,68.16,grapes
120.22,126.33,201.57,23.61,82.53,6.56,69.29,grapes
118.47,141.35,204.6,22.84,85.87,5.75,66.95,grapes
118.01,133.66,200.83,28.48,85.59,5.7,63.98,grapes
114.54,130.74,202.63,14.7,84.11,6.24,66.38,grapes
124.6,131.63,200.64,22.17,86.67,5.61,66.14,grapes
122.97,135.84,203.73,20.87,88.7,5.84,72.48,grapes
128.17,126.79,200.77,23.59,86.56,5.94,66.35,grapes
133.69,131.88,202.07,22.2,89.17,5.83,65.2,grapes
135.25,129.72,204.0,31.13,84.61,5.55,67.43,grapes
121.02,139.8,203.97,18.52,87.0,6.19,71.53,grapes
124.99,120.36,199.61,14.75,84.49,6.25,68.64,grapes
131.48,134.64,196.75,8.0,85.37,5.95,63.84,grapes
102.99,127.91,199.51,29.33,85.47,6.4,63.62,grapes
128.81,132.8,201.74,20.51,87.68,6.07,64.95,grapes
119.88,131.0,201.22,14.56,84.93,6.1,67.62,grapes
133.47,137.34,199.98,25.73,85.74,6.1,60.65,grapes
116.98,123.22,203.2,23.51,84.52,6.22,69.08,grapes
108.71,132.06,199.16,10.04,83.27,5.95,67.07,grapes
105.18,139.7,199.74,24.3,86.0,5.8,69.21,grapes
116.33,126.9,201.43,35.93,86.81,6.23,65.55,grapes
104.02,141.81,205.0,36.34,84.16,5.71,63.5,grapes
103.16,131.83,204.01,22.87,85.76,6.34,65.98,grapes
140.0,144.95,199.67,19.38,86.74,5.91,63.16,grapes
132.81,140.1,200.39,13.9,81.93,6.03,65.63,grapes
96.59,23.89,51.83,26.53,82.52,6.41,53.79,watermelon
104.48,27.08,51.05,26.89,86.35,6.77,48.38,watermelon
100.14,23.19,54.03,26.05,84.79,6.84,39.04,watermelon
85.78,21.76,50.04,25.95,85.16,6.64,45.93,watermelon
105.7,23.72,53.05,27.01,85.61,6.57,42.38,watermelon
94.69,16.29,52.63,25.04,86.99,6.5,49.11,watermelon
102.49,15.06,48.93,24.22,84.38,6.38,47.42,watermelon
104.17,21.62,50.58,26.25,86.44,6.43,47.69,watermelon
103.13,21.09,53.49,26.39,83.65,6.47,53.36,watermelon
110.68,23.37,49.84,24.56,82.5,6.57,51.71,watermelon
89.01,17.78,51.58,24.64,87.76,6.41,56.29,watermelon
94.67,11.08,48.85,25.43,84.03,6.45,51.67,watermelon
98.29,17.09,45.73,25.79,84.78,6.9,45.3,watermelon
81.92,21.36,50.87,24.74,81.18,6.88,57.07,watermelon
75.13,14.64,54.16,25.14,83.77,6.43,44.4,watermelon
82.95,24.08,45.39,25.69,87.22,6.14,45.38,watermelon
112.13,20.83,48.46,26.4,88.02,6.57,45.5,watermelon
95.87,19.29,49.53,26.2,81.18,6.13,50.9,watermelon
95.08,13.58,45.58,25.51,84.87,6.66,50.34,watermelon
98.67,24.86,46.72,25.9,80.82,6.29,43.94,watermelon
107.82,17.09,49.97,24.67,84.25,6.31,51.92,watermelon
90.09,25.81,45.81,24.9,89.19,6.39,43.43,watermelon
102.19,14.53,47.91,24.68,91.92,6.44,40.37,watermelon
114.94,21.32,48.08,24.8,86.68,6.44,40.37,watermelon
117.87,14.79,53.74,26.46,82.5,6.76,46.74,watermelon
81.33,14.85,50.99,25.15,84.23,6.79,50.53,watermelon
91.57,21.89,50.49,23.61,86.07,6.6,50.1,watermelon
108.92,13.3,50.84,24.32,86.02,6.99,45.03,watermelon
92.4,13.06,50.32,24.7,86.05,6.71,52.67,watermelon
82.32,23.72,52.34,26.12,85.93,6.56,55.16,watermelon
119.24,11.54,52.7,25.44,84.68,6.12,48.58,watermelon
90.03,14.6,47.25,25.16,83.98,6.52,41.93,watermelon
85.54,19.76,48.01,26.31,85.56,6.65,57.05,watermelon
96.9,13.91,52.18,25.88,84.53,6.85,48.94,watermelon
100.33,17.63,47.66,25.56,88.49,6.61,50.16,watermelon
98.38,19.57,51.87,25.96,84.17,6.58,52.4,watermelon
89.93,18.55,44.6,25.86,86.65,6.69,48.02,watermelon
103.09,26.4,53.53,25.48,85.35,6.78,42.5,watermelon
96.77,25.85,52.44,25.78,81.24,6.49,47.05,watermelon
103.31,12.44,47.44,23.95,88.05,6.4,50.79,watermelon
99.98,10.83,46.85,24.75,83.19,6.59,46.02,watermelon
117.46,23.92,52.02,25.41,88.79,6.45,49.84,watermelon
101.7,21.89,51.59,25.14,83.67,6.66,53.58,watermelon
96.07,7.58,49.48,25.97,89.51,6.2,47.87,watermelon
96.11,25.97,49.91,24.82,86.4,6.4,43.88,watermelon
91.07,28.34,50.96,25.58,84.38,6.57,51.4,watermelon
102.92,18.22,52.17,25.52,82.56,6.35,40.1,watermelon
120.27,22.89,47.92,25.29,83.41,6.89,42.9,watermelon
101.14,16.82,52.07,25.42,80.6,6.44,45.14,watermelon
100.8,26.46,45.65,24.9,83.62,6.4,53.7,watermelon
98.26,20.1,48.44,25.67,86.94,6.32,53.91,watermelon
100.52,24.03,49.5,25.79,84.9,6.48,51.29,watermelon
105.37,9.69,53.58,24.11,83.29,6.48,52.06,watermelon
115.76,5.89,48.73,23.9,85.08,6.57,57.95,watermelon
101.21,24.03,51.46,25.17,81.48,6.57,42.54,watermelon
112.95,16.49,52.99,25.14,85.67,6.55,49.77,watermelon
95.67,19.95,47.68,24.59,88.11,6.68,50.33,watermelon
116.65,15.83,53.31,25.63,82.44,6.96,54.95,watermelon
98.79,22.04,48.99,26.12,79.02,6.25,54.9,watermelon
97.5,18.8,46.63,26.89,87.98,6.45,47.98,watermelon
110.3,29.89,52.38,27.13,82.69,6.3,44.06,watermelon
104.42,18.6,49.62,26.11,88.08,6.12,47.02,watermelon
108.2,14.58,48.0,26.26,81.78,6.42,51.64,watermelon
94.26,22.39,48.58,26.56,84.69,6.67,53.73,watermelon
93.72,5.0,50.9,25.55,86.39,6.44,47.85,watermelon
120.08,8.3,51.83,25.07,84.16,6.42,45.98,watermelon
105.71,26.19,51.18,25.58,82.53,6.63,60.78,watermelon
96.19,15.15,48.6,25.13,78.14,6.6,45.77,watermelon
83.9,22.21,47.29,25.25,88.67,6.15,42.34,watermelon
102.69,24.68,46.06,25.81,86.45,5.99,53.99,watermelon
108.77,15.55,53.13,26.35,85.26,6.39,45.14,watermelon
99.62,21.06,49.19,23.85,88.17,6.55,48.1,watermelon
108.57,27.03,43.0,25.83,81.43,6.62,50.64,watermelon
106.36,14.38,45.32,25.16,86.02,6.75,44.14,watermelon
110.27,13.45,50.91,25.12,85.46,6.72,43.86,watermelon
93.2,18.66,56.0,24.85,90.1,7.0,49.51,watermelon
97.02,13.17,49.83,24.44,84.81,6.87,46.94,watermelon
97.59,6.87,50.94,25.7,85.16,6.45,48.54,watermelon
105.02,17.32,50.79,25.66,87.81,6.67,50.96,watermelon
115.18,20.13,53.26,25.96,80.4,6.83,50.68,watermelon
99.48,19.26,49.14,25.67,83.52,6.82,49.43,watermelon
96.17,11.72,50.67,25.64,85.97,6.24,41.99,watermelon
106.26,26.78,47.43,26.69,85.71,6.5,48.01,watermelon
86.15,23.67,48.06,24.92,87.48,6.03,42.38,watermelon
99.82,19.33,51.21,25.27,91.33,6.44,48.85,watermelon
92.03,18.27,51.54,26.4,81.28,6.44,52.23,watermelon
105.87,17.54,51.36,24.89,88.89,6.75,43.28,watermelon
89.25,10.96,51.69,24.54,84.17,6.61,49.67,watermelon
102.59,10.84,51.49,25.04,84.19,6.56,50.52,watermelon
100.24,12.81,49.25,25.5,81.56,6.38,51.94,watermelon
87.23,24.73,53.17,24.57,88.39,6.46,52.09,watermelon
95.03,23.27,51.02,24.89,82.09,6.13,50.94,watermelon
105.72,21.57,49.71,24.63,83.29,6.79,47.58,watermelon
101.43,10.78,50.84,25.16,87.62,6.69,47.52,watermelon
98.73,14.06,46.45,24.86,85.5,6.58,50.74,watermelon
96.98,23.33,50.16,26.03,80.57,5.52,51.42,watermelon
85.75,16.17,49.24,26.69,86.0,6.54,54.18,watermelon
103.68,14.64,52.68,24.67,85.81,6.11,51.02,watermelon
101.93,27.98,46.09,25.05,87.06,6.58,50.9,watermelon
90.44,13.81,53.11,25.46,85.94,6.47,44.08,watermelon
109.34,20.65,55.76,27.49,93.53,6.14,25.39,muskmelon
109.77,5.0,49.49,27.72,91.62,6.48,27.8,muskmelon
98.67,18.78,50.29,28.0,91.14,6.62,25.74,muskmelon
103.95,12.46,48.85,27.91,90.58,6.06,23.5,muskmelon
105.23,13.42,47.45,27.59,91.93,6.33,30.41,muskmelon
110.55,23.9,52.92,27.5,90.97,6.18,28.34,muskmelon
94.53,9.68,48.92,27.88,92.84,6.45,22.93,muskmelon
106.86,13.51,49.61,28.34,91.7,6.29,26.48,muskmelon
91.42,15.1,51.39,29.03,93.26,6.49,26.33,muskmelon
89.27,18.22,49.93,28.16,92.65,6.48,24.22,muskmelon
100.59,9.83,49.2,28.7,92.9,6.4,29.74,muskmelon
86.39,10.57,54.28,28.02,92.2,6.16,26.12,muskmelon
105.44,10.66,49.65,27.83,92.82,6.18,28.13,muskmelon
109.16,15.23,49.46,27.93,91.53,6.31,24.32,muskmelon
116.13,23.42,52.34,28.18,91.1,6.39,27.43,muskmelon
87.42,21.48,55.81,28.53,94.27,6.44,27.42,muskmelon
92.82,22.47,51.64,28.14,94.15,6.29,24.53,muskmelon
100.95,11.06,50.57,27.14,93.81,6.41,23.7,muskmelon
91.66,16.03,51.72,28.27,91.62,6.23,26.64,muskmelon
92.78,17.87,50.31,28.16,93.57,6.15,20.22,muskmelon
94.33,28.76,55.06,28.92,92.26,6.04,20.0,muskmelon
93.86,16.26,53.25,28.43,92.78,6.22,22.6,muskmelon
102.54,21.86,50.98,27.48,93.31,6.49,22.32,muskmelon
92.16,21.8,49.41,28.79,93.13,6.3,24.97,muskmelon
100.63,12.95,47.72,28.35,93.56,6.52,28.79,muskmelon
94.58,27.96,47.75,27.49,90.3,6.31,23.74,muskmelon
105.26,19.02,47.02,27.8,92.04,6.04,22.55,muskmelon
92.29,26.46,50.48,28.33,90.63,6.64,28.25,muskmelon
80.02,13.09,51.24,28.32,91.65,6.34,23.51,muskmelon
101.1,24.98,48.07,28.5,91.52,6.23,27.05,muskmelon
109.22,22.82,46.71,27.77,93.53,6.41,22.32,muskmelon
104.58,13.03,54.49,28.77,93.26,6.67,25.16,muskmelon
107.65,26.74,50.61,27.87,90.37,6.38,27.06,muskmelon
109.46,20.65,48.65,27.01,91.88,6.34,24.22,muskmelon
106.19,29.91,50.31,27.89,92.18,6.42,22.93,muskmelon
101.2,20.32,50.52,28.23,93.04,6.05,26.59,muskmelon
93.29,10.65,47.24,28.22,92.22,6.06,26.2,muskmelon
85.6,18.37,50.6,28.44,94.73,6.13,24.87,muskmelon
97.24,20.21,50.54,27.82,91.95,6.18,27.47,muskmelon
104.59,23.24,49.22,27.67,91.15,6.47,22.4,muskmelon
118.49,9.33,50.68,28.78,93.25,6.44,22.58,muskmelon
86.18,22.31,53.77,27.78,91.08,5.91,22.55,muskmelon
98.86,27.49,51.68,28.15,92.0,6.28,28.51,muskmelon
102.01,5.0,48.32,27.57,91.82,6.51,24.73,muskmelon
99.23,25.71,48.26,28.93,91.66,6.42,24.3,muskmelon
101.23,20.28,51.08,27.62,91.1,6.9,23.79,muskmelon
106.99,7.45,49.3,27.94,93.09,5.86,25.42,muskmelon
88.5,19.53,47.41,27.57,92.16,6.19,23.81,muskmelon
88.07,6.04,52.54,27.35,92.28,6.55,23.46,muskmelon
91.75,18.91,52.79,27.42,92.31,6.05,24.02,muskmelon
100.34,12.16,48.86,27.3,92.6,6.61,22.26,muskmelon
93.77,20.64,53.03,27.25,92.29,6.46,24.74,muskmelon
75.23,20.63,53.8,28.06,91.21,6.3,29.42,muskmelon
109.1,21.5,50.89,27.67,92.25,6.38,26.37,muskmelon
115.09,24.49,46.45,28.11,93.42,6.52,23.43,muskmelon
129.14,9.52,47.29,28.12,95.15,6.23,24.34,muskmelon
110.77,17.39,49.16,28.28,92.84,6.61,28.23,muskmelon
103.07,19.32,50.54,28.24,92.57,6.4,27.99,muskmelon
115.16,8.08,50.03,27.66,92.11,6.48,26.67,muskmelon
98.88,5.54,47.59,28.45,89.07,6.64,26.3,muskmelon
113.16,16.26,44.85,28.22,94.09,6.58,23.34,muskmelon
100.87,14.17,47.95,28.48,91.0,6.22,22.24,muskmelon
85.1,18.42,52.9,27.91,90.62,6.57,29.21,muskmelon
93.54,14.51,51.29,28.81,91.85,6.13,26.58,muskmelon
107.99,17.54,48.6,28.5,93.16,6.25,25.12,muskmelon
86.48,21.79,49.34,27.78,92.46,6.41,27.24,muskmelon
105.91,16.52,51.91,28.2,91.97,6.38,24.63,muskmelon
105.05,15.21,49.02,28.98,93.67,6.25,26.43,muskmelon
101.18,19.95,50.34,28.59,92.93,6.39,27.61,muskmelon
102.33,18.26,50.79,27.95,92.51,6.28,23.12,muskmelon
90.01,8.8,47.8,27.91,92.63,6.35,20.0,muskmelon
115.75,24.29,51.11,28.95,91.28,6.78,22.59,muskmelon
102.39,9.54,50.04,28.19,92.31,6.54,25.25,muskmelon
94.78,13.96,52.03,27.67,93.64,6.64,20.83,muskmelon
111.33,30.38,50.63,28.3,93.8,6.34,25.46,muskmelon
86.86,18.37,51.25,28.26,93.83,6.25,23.67,muskmelon
118.96,16.56,50.5,27.97,91.47,6.72,23.68,muskmelon
88.73,14.68,45.0,27.67,91.29,6.52,23.32,muskmelon
108.88,26.24,51.95,27.89,92.68,6.1,24.67,muskmelon
91.4,21.84,56.43,28.25,90.01,6.33,25.31,muskmelon
100.87,12.93,50.61,27.38,91.32,6.53,22.46,muskmelon
105.38,8.94,54.41,27.61,92.22,6.47,23.59,muskmelon
101.43,21.1,52.4,28.4,92.29,6.37,30.87,muskmelon
109.5,11.74,50.25,27.83,92.33,6.15,23.97,muskmelon
118.12,21.12,43.77,28.61,93.86,6.33,26.79,muskmelon
91.41,14.56,53.75,27.86,90.16,6.39,24.8,muskmelon
111.98,17.59,48.95,28.52,92.65,6.25,27.89,muskmelon
101.94,17.52,50.44,27.46,91.84,6.4,24.51,muskmelon
112.72,18.86,52.14,28.0,93.82,6.48,25.03,muskmelon
99.87,11.53,51.27,27.98,91.87,6.62,21.87,muskmelon
95.78,23.92,50.79,27.98,92.81,6.44,21.21,muskmelon
96.51,27.6,48.35,27.84,91.82,6.38,23.54,muskmelon
104.87,18.73,51.93,27.47,92.07,6.35,26.14,muskmelon
92.07,23.22,52.97,27.51,91.89,6.29,31.58,muskmelon
95.7,27.99,46.83,27.51,91.64,6.23,24.33,muskmelon
92.91,12.38,52.9,28.61,93.69,6.5,25.23,muskmelon
95.03,11.54,50.91,27.41,91.26,6.63,29.75,muskmelon
103.93,24.42,49.39,27.33,93.27,6.51,25.18,muskmelon
97.58,23.51,47.54,27.61,91.24,6.42,22.28,muskmelon
93.16,13.09,49.35,27.26,92.61,6.65,25.34,muskmelon
35.41,140.84,201.94,22.56,92.53,6.19,110.05,apple
1.17,135.58,197.17,21.78,92.5,5.98,103.67,apple
21.65,138.54,197.18,23.45,90.55,6.53,109.93,apple
21.46,120.67,199.84,22.67,92.39,5.86,106.58,apple
31.31,132.69,203.85,22.11,91.96,6.2,102.36,apple
7.87,139.36,197.07,21.14,94.84,5.65,113.65,apple
20.69,114.93,199.33,22.84,92.94,6.23,110.08,apple
27.13,128.19,196.47,21.53,90.67,6.25,103.03,apple
22.74,130.84,199.74,23.52,91.95,6.15,112.73,apple
18.48,145.0,196.4,23.47,93.32,5.88,122.68,apple
1.52,129.24,196.98,22.81,91.11,6.11,111.33,apple
15.21,134.93,199.33,21.68,96.0,5.88,98.64,apple
11.58,124.58,202.07,22.74,93.0,5.91,110.75,apple
16.29,131.99,202.09,22.75,93.13,6.12,118.03,apple
22.88,134.74,202.97,22.0,91.43,5.7,113.64,apple
1.46,135.39,199.73,23.35,91.66,5.95,119.51,apple
33.83,128.25,200.45,22.72,92.97,5.93,120.51,apple
1.1,129.87,201.12,22.84,94.19,6.3,110.72,apple
33.0,128.04,202.33,23.86,94.02,6.03,110.43,apple
4.71,134.44,197.21,21.91,91.01,5.88,112.33,apple
22.74,128.75,202.67,22.34,91.52,6.06,124.77,apple
23.35,130.23,196.18,22.34,92.79,5.9,102.09,apple
11.49,141.59,203.59,21.84,93.34,5.71,121.28,apple
22.45,138.44,195.71,23.01,92.49,6.21,118.22,apple
20.66,128.74,201.95,22.45,91.41,5.77,103.27,apple
14.9,139.39,200.44,22.1,93.51,5.79,113.1,apple
18.2,137.37,196.06,21.86,90.45,5.94,120.07,apple
14.95,129.31,202.18,23.3,92.39,6.17,105.77,apple
33.78,145.0,201.3,20.94,91.8,6.15,109.87,apple
32.72,136.18,198.23,22.52,91.38,5.95,109.03,apple
31.75,145.0,196.42,21.06,92.19,5.62,112.79,apple
27.49,141.84,200.5,22.36,90.03,6.01,112.95,apple
26.39,128.07,198.91,21.39,89.64,5.72,102.69,apple
23.37,129.26,198.65,21.76,88.46,6.38,106.25,apple
15.88,123.41,202.43,22.61,91.47,5.9,122.99,apple
19.27,131.36,197.65,21.08,92.3,6.08,119.37,apple
0.0,125.47,198.55,22.5,92.32,5.97,115.05,apple
10.97,138.34,201.08,22.26,94.5,6.39,118.33,apple
0.0,142.37,201.99,24.0,94.05,6.39,117.99,apple
33.49,144.96,200.54,21.32,92.12,6.1,112.97,apple
7.53,122.31,198.15,23.11,94.48,6.23,119.11,apple
19.19,121.61,198.86,22.31,91.88,6.01,115.26,apple
28.53,130.76,195.24,22.14,92.55,6.31,108.95,apple
25.13,134.31,200.11,23.2,91.67,5.86,112.43,apple
13.6,135.68,198.22,22.67,92.37,6.05,109.63,apple
16.61,133.1,200.51,22.5,94.63,5.75,112.1,apple
4.26,134.83,197.21,22.29,92.03,6.07,109.05,apple
14.05,141.47,200.71,22.08,92.19,6.41,111.03,apple
13.11,128.22,198.63,22.05,90.9,5.72,107.32,apple
25.92,130.12,199.48,23.45,94.12,5.93,108.56,apple
11.36,136.83,199.49,22.21,91.48,5.81,114.5,apple
6.85,138.72,198.67,22.39,90.83,6.0,110.45,apple
19.5,141.7,200.44,21.9,91.61,6.15,120.62,apple
22.82,136.8,201.52,23.56,90.06,6.17,118.65,apple
6.61,126.96,197.87,21.95,91.9,6.06,117.91,apple
30.81,127.26,197.89,23.49,93.31,6.02,115.46,apple
19.7,135.78,199.16,22.7,90.61,5.83,108.27,apple
16.26,126.71,198.67,21.36,93.19,5.98,101.84,apple
11.65,134.6,198.64,21.98,92.41,6.09,103.52,apple
25.5,127.5,199.96,22.47,91.84,5.74,110.71,apple
36.25,123.99,204.23,22.31,92.54,5.73,107.68,apple
14.97,125.96,199.48,22.19,94.81,5.71,113.14,apple
22.48,125.81,201.72,22.2,89.38,6.16,105.52,apple
9.52,136.8,199.13,23.19,94.01,5.84,117.46,apple
12.45,145.0,198.27,23.27,93.55,6.08,108.31,apple
18.49,119.04,200.56,22.76,92.67,5.26,104.59,apple
12.52,134.32,200.72,22.37,93.29,5.74,116.31,apple
24.75,134.86,199.54,23.87,93.12,5.76,114.05,apple
27.52,128.82,202.72,22.79,89.57,6.07,109.96,apple
25.37,138.4,200.49,23.75,92.28,6.16,117.53,apple
19.03,137.37,198.51,22.18,90.86,6.06,114.53,apple
31.79,137.44,199.29,21.62,93.04,6.28,117.22,apple
30.84,131.18,198.83,21.95,92.43,5.98,113.79,apple
18.71,131.66,198.06,23.21,92.6,5.96,107.83,apple
6.68,140.67,201.39,21.28,93.45,6.23,113.28,apple
35.98,133.85,196.46,22.77,92.81,5.85,116.08,apple
3.32,138.69,197.8,21.76,92.36,6.11,113.52,apple
12.57,129.34,197.17,22.33,93.84,6.0,117.87,apple
34.55,128.82,199.53,24.13,94.31,5.58,114.92,apple
20.01,137.67,198.14,21.87,91.65,5.86,117.6,apple
8.19,128.61,195.53,23.26,94.09,5.92,110.64,apple
24.53,141.72,201.02,21.98,90.48,5.72,112.96,apple
13.45,133.72,198.62,21.71,91.03,6.39,118.06,apple
37.31,135.87,198.93,23.49,92.46,6.06,112.23,apple
0.0,142.53,201.23,22.75,92.42,6.04,108.77,apple
26.17,124.33,200.47,22.92,92.25,6.09,106.3,apple
10.34,133.98,201.7,21.09,93.15,5.86,111.29,apple
6.6,127.18,202.42,22.52,92.02,5.97,115.56,apple
24.4,132.03,202.73,23.23,93.02,6.01,116.61,apple
23.14,139.13,202.25,21.74,91.14,5.82,118.6,apple
4.24,134.97,200.91,23.37,92.73,5.66,106.5,apple
8.18,129.14,199.54,21.63,94.34,5.67,120.91,apple
31.85,138.11,198.27,22.76,90.9,6.23,112.04,apple
15.91,124.85,193.81,21.72,93.89,5.9,111.44,apple
26.56,143.79,203.31,21.77,90.07,6.59,126.68,apple
21.88,124.56,202.41,22.42,92.36,6.22,114.59,apple
8.14,130.47,201.65,22.88,92.83,6.23,110.24,apple
21.79,111.4,198.88,23.07,92.01,5.88,105.99,apple
30.03,135.93,202.06,21.21,92.3,5.93,110.75,apple
13.84,130.34,202.12,21.07,94.72,6.12,112.24,apple
29.07,8.43,8.34,21.74,94.21,6.73,112.25,orange
14.1,20.54,14.19,28.72,92.4,7.0,112.89,orange
25.07,24.45,12.76,21.71,93.3,6.61,105.38,orange
17.31,17.02,5.85,27.88,89.04,7.77,117.51,orange
17.39,17.56,10.76,18.82,92.74,6.7,109.53,orange
21.81,9.29,10.1,23.52,92.66,6.67,115.69,orange
16.46,18.92,13.24,22.0,92.77,6.71,116.19,orange
17.42,25.52,9.74,17.13,93.35,6.64,113.1,orange
0.0,17.53,8.85,15.85,91.81,6.53,109.76,orange
6.33,19.48,13.42,24.26,93.51,7.16,116.18,orange
38.7,14.38,8.2,27.4,93.39,7.04,119.45,orange
20.11,20.16,7.55,35.85,92.08,6.63,108.27,orange
13.55,12.94,8.69,13.96,91.52,7.48,113.68,orange
29.26,24.86,14.59,11.43,90.96,6.45,107.65,orange
16.99,14.71,10.55,22.72,91.6,5.93,105.04,orange
14.51,15.96,7.18,19.43,91.09,6.7,104.63,orange
11.51,9.32,9.62,17.08,93.63,6.9,109.65,orange
12.03,19.88,11.73,23.39,94.5,6.92,114.57,orange
21.34,21.72,8.01,19.64,92.94,6.88,112.54,orange
31.0,8.59,7.56,23.93,91.59,8.02,112.58,orange
19.22,14.28,8.8,22.69,92.64,6.58,108.63,orange
33.44,26.15,10.63,14.12,93.17,7.33,116.85,orange
27.34,26.39,10.13,26.43,91.65,6.86,116.65,orange
14.11,12.12,10.24,21.08,93.31,6.58,118.59,orange
7.1,25.34,8.09,11.28,92.8,6.65,104.45,orange
3.19,17.45,12.44,26.16,92.57,6.93,109.86,orange
5.7,8.62,9.49,21.5,93.56,7.03,113.03,orange
17.2,8.87,11.03,25.78,89.51,6.44,106.54,orange
21.18,12.48,9.9,21.18,92.3,6.48,106.81,orange
9.2,19.88,11.43,17.68,94.4,6.63,117.65,orange
13.58,5.0,11.01,24.05,92.54,6.51,109.83,orange
14.89,15.61,12.1,23.65,93.26,6.66,108.29,orange
8.47,15.19,5.0,18.81,92.4,6.96,108.66,orange
23.48,5.0,9.86,12.0,90.99,6.68,116.38,orange
23.71,17.61,9.95,18.04,91.82,6.91,103.07,orange
25.93,15.07,12.06,28.51,90.41,6.53,105.72,orange
1.87,11.05,16.1,26.31,94.9,7.06,106.29,orange
16.18,21.18,11.09,18.89,90.61,7.98,109.29,orange
16.74,18.21,9.39,23.27,94.11,6.7,104.19,orange
18.38,14.6,13.56,29.82,92.63,6.27,103.87,orange
20.15,19.6,9.06,19.5,91.76,6.74,98.09,orange
8.99,13.58,13.02,17.41,92.73,6.83,116.49,orange
32.63,17.14,8.81,18.35,92.2,6.59,112.77,orange
24.2,21.2,13.15,34.14,92.66,7.16,108.24,orange
31.85,24.13,12.52,23.09,91.66,6.23,109.8,orange
35.33,15.56,11.96,27.77,92.15,7.24,95.46,orange
7.77,11.78,7.95,24.6,92.86,6.9,112.98,orange
10.5,9.89,10.99,18.56,90.54,7.11,116.98,orange
35.57,18.67,11.56,31.06,91.7,7.17,111.38,orange
29.14,18.66,13.24,23.9,90.65,7.29,105.26,orange
32.53,16.94,12.94,29.59,93.04,6.94,112.11,orange
0.0,18.24,7.21,23.57,91.07,6.31,118.02,orange
30.69,17.47,10.46,20.95,93.21,6.5,114.97,orange
17.47,14.88,10.05,18.81,92.91,6.55,112.34,orange
32.16,13.0,9.67,25.38,91.96,6.92,112.78,orange
30.83,13.71,7.64,20.58,91.29,6.96,104.19,orange
43.33,25.6,10.03,27.92,90.45,7.7,107.05,orange
18.8,5.9,11.22,15.59,92.63,6.55,104.61,orange
11.96,18.91,6.8,17.82,93.33,7.73,112.39,orange
10.83,15.21,10.08,20.32,93.63,6.83,114.54,orange
16.86,25.78,9.58,16.43,95.22,6.07,106.31,orange
13.73,33.18,14.52,31.84,92.09,7.66,111.84,orange
29.77,18.62,9.88,20.93,92.24,6.98,111.84,orange
19.69,26.93,5.0,25.69,93.4,7.18,109.68,orange
22.08,23.66,13.73,20.62,92.83,7.38,99.38,orange
13.1,26.66,12.73,25.77,91.94,6.42,107.04,orange
35.48,13.57,10.25,17.79,93.55,6.55,109.51,orange
3.17,7.42,10.02,14.22,95.13,5.98,106.0,orange
20.17,15.22,7.24,16.51,91.26,6.64,119.76,orange
20.78,24.89,11.27,29.46,89.0,6.64,116.54,orange
14.28,28.52,13.71,19.57,91.87,6.37,106.85,orange
7.67,20.18,6.36,26.27,93.29,6.13,117.75,orange
25.14,22.19,8.1,26.39,93.91,6.71,120.01,orange
20.44,24.63,10.73,26.16,90.41,6.89,106.33,orange
11.54,28.4,9.47,16.23,92.05,6.26,117.17,orange
13.04,20.81,13.39,19.37,93.17,6.36,122.23,orange
29.36,16.3,8.07,21.79,92.08,7.48,103.87,orange
21.35,17.39,9.71,21.82,92.35,7.08,113.04,orange
24.19,5.0,10.75,12.15,93.31,7.3,105.37,orange
17.38,13.75,13.09,23.09,94.66,6.91,111.21,orange
20.68,22.61,5.66,23.03,92.41,7.02,109.06,orange
9.61,17.55,7.29,10.47,93.41,6.97,112.34,orange
33.03,13.34,6.42,22.06,92.07,6.43,109.6,orange
13.88,6.02,8.9,15.4,92.79,6.5,115.56,orange
36.04,21.75,6.12,31.91,94.47,6.76,116.61,orange
14.48,5.84,8.1,33.31,90.64,6.75,110.17,orange
14.87,14.73,10.18,18.99,90.72,6.83,115.37,orange
28.7,12.44,6.87,20.72,94.46,6.99,113.52,orange
28.9,20.13,10.3,26.64,91.82,6.22,113.61,orange
32.38,10.51,12.05,33.0,92.5,6.44,110.62,orange
14.49,13.65,11.08,12.48,90.7,6.76,109.89,orange
23.44,29.22,10.26,26.24,91.28,7.04,107.37,orange
20.71,16.82,12.58,14.31,89.65,6.67,112.34,orange
21.52,25.2,11.09,18.98,89.59,6.66,115.14,orange
16.08,17.68,11.05,16.15,93.28,7.36,109.14,orange
8.71,17.08,5.0,24.61,93.07,7.38,109.03,orange
24.08,12.12,9.11,12.97,92.26,6.64,111.5,orange
13.76,18.02,9.17,20.43,92.6,6.77,113.81,orange
18.79,15.31,9.55,18.03,92.05,7.51,105.44,orange
17.21,15.08,9.38,20.43,92.85,6.11,115.19,orange
58.04,49.73,44.33,28.37,92.2,7.07,173.52,papaya
36.68,53.19,49.87,34.83,90.86,6.73,107.32,papaya
42.84,59.12,51.93,37.92,93.22,6.69,182.51,papaya
55.2,58.34,48.47,30.89,92.59,7.05,160.82,papaya
47.15,52.3,48.77,44.93,92.0,6.86,125.26,papaya
54.79,62.45,48.57,30.13,94.57,6.87,186.51,papaya
59.39,60.37,55.04,33.73,93.22,6.57,101.69,papaya
41.99,65.46,43.62,31.39,88.76,6.65,119.23,papaya
64.62,59.98,47.92,39.1,92.52,6.75,81.86,papaya
43.84,52.34,50.12,33.91,94.43,6.8,20.0,papaya
54.8,48.44,47.59,29.24,91.67,6.58,155.68,papaya
40.16,59.73,55.59,26.52,92.14,6.43,129.2,papaya
58.12,62.0,50.19,38.17,95.68,6.96,117.57,papaya
39.8,54.96,47.63,35.87,91.02,6.74,189.0,papaya
51.62,51.59,52.94,23.64,92.09,6.74,145.84,papaya
54.08,61.32,49.91,31.57,91.99,6.67,186.35,papaya
46.84,62.79,50.05,30.76,93.27,6.66,178.5,papaya
54.36,53.77,51.32,36.37,93.95,6.87,170.79,papaya
42.63,72.8,46.49,38.48,93.04,6.6,138.47,papaya
51.81,65.66,48.22,32.12,89.58,6.97,88.8,papaya
55.36,56.87,49.75,37.75,94.59,6.78,179.39,papaya
55.38,63.86,48.84,39.15,93.89,6.89,110.34,papaya
51.03,59.0,46.57,41.87,92.48,6.79,114.71,papaya
40.89,53.72,50.55,37.04,92.7,6.79,127.31,papaya
56.84,66.77,51.76,37.75,92.87,6.56,90.16,papaya
56.48,57.43,51.1,42.3,93.41,6.91,149.97,papaya
45.44,57.14,47.99,41.68,93.49,6.82,209.89,papaya
34.82,61.18,46.72,33.46,92.11,6.83,156.98,papaya
64.27,53.74,51.77,34.35,90.46,6.64,137.13,papaya
62.23,60.4,47.08,32.76,95.02,6.76,127.82,papaya
56.8,62.27,48.86,36.14,92.09,6.84,153.91,papaya
56.72,52.76,47.95,38.46,92.4,6.79,128.91,papaya
60.36,53.7,49.66,37.63,93.97,6.68,247.88,papaya
55.24,50.98,50.92,31.49,93.04,6.74,148.9,papaya
44.52,63.69,47.11,27.68,92.96,6.95,126.49,papaya
58.63,64.21,52.04,31.87,91.14,6.47,131.2,papaya
62.81,50.47,51.75,28.51,92.63,6.84,110.38,papaya
53.99,54.91,51.76,34.74,92.57,6.94,179.77,papaya
46.46,56.96,49.81,33.92,95.66,6.8,38.12,papaya
47.75,45.42,49.18,23.07,91.41,6.56,165.17,papaya
52.5,59.39,49.74,26.18,93.14,6.99,166.48,papaya
48.77,48.57,47.73,35.88,93.84,6.78,186.99,papaya
58.69,60.67,48.35,34.41,91.44,6.75,162.37,papaya
67.19,49.31,51.2,41.28,93.45,6.85,175.85,papaya
63.86,50.7,46.54,33.47,89.8,6.9,209.09,papaya
48.71,55.18,49.82,33.77,92.66,6.82,135.94,papaya
60.75,60.29,48.48,40.51,90.8,6.74,195.76,papaya
46.17,59.43,51.36,28.98,92.41,6.73,116.03,papaya
72.64,52.73,52.51,31.44,91.14,6.76,179.08,papaya
60.55,67.26,57.36,34.82,91.67,6.81,131.02,papaya
60.6,49.39,55.92,37.99,90.39,6.66,187.84,papaya
62.79,49.55,51.78,23.28,92.39,6.89,116.05,papaya
39.31,58.41,48.49,36.81,91.39,6.65,38.9,papaya
53.99,56.49,47.03,34.52,93.78,6.72,159.08,papaya
54.89,49.97,55.14,31.03,93.32,6.85,137.67,papaya
57.81,59.04,46.46,31.76,91.73,6.69,76.54,papaya
62.36,67.51,52.45,40.17,92.07,6.67,104.12,papaya
58.14,58.92,49.81,40.3,93.01,6.65,109.25,papaya
58.47,64.01,51.38,43.46,94.54,6.81,100.97,papaya
41.04,55.08,51.88,43.09,93.02,6.9,132.12,papaya
57.95,62.65,45.05,31.33,93.69,6.78,82.18,papaya
31.24,55.21,49.82,28.86,92.68,6.81,180.21,papaya
31.89,49.29,49.24,36.5,93.11,6.81,124.87,papaya
49.63,52.95,51.92,28.67,93.56,6.78,142.64,papaya
46.75,49.03,48.38,31.77,89.54,6.73,193.53,papaya
57.46,54.4,50.12,30.58,92.69,6.94,195.85,papaya
57.06,54.42,51.87,24.64,92.18,6.82,183.87,papaya
58.36,59.34,49.51,36.32,91.31,6.64,148.24,papaya
54.02,46.09,51.14,37.56,92.4,7.05,109.15,papaya
49.34,55.03,49.81,31.77,90.74,6.68,139.87,papaya
63.25,71.26,53.34,29.43,91.63,6.73,238.69,papaya
51.05,49.2,48.75,37.47,93.36,6.72,180.88,papaya
32.61,58.15,52.15,29.13,91.45,6.52,228.47,papaya
46.2,59.01,51.51,41.44,92.31,6.68,154.09,papaya
63.74,56.44,47.61,25.41,90.97,6.86,128.17,papaya
47.18,53.03,50.21,32.24,92.16,6.92,225.75,papaya
38.41,59.55,48.06,32.2,92.89,6.72,157.1,papaya
58.39,59.34,48.38,30.2,90.7,6.64,248.01,papaya
45.57,50.04,50.8,32.92,92.26,6.93,173.83,papaya
47.86,54.85,48.74,38.09,92.11,6.53,142.46,papaya
39.05,71.15,47.59,32.65,92.82,6.71,129.77,papaya
56.19,67.04,51.92,41.26,91.19,6.79,153.15,papaya
55.57,66.1,49.45,31.37,93.17,6.53,132.57,papaya
51.33,51.75,52.64,27.92,92.33,6.79,216.06,papaya
52.41,63.35,51.75,34.15,91.14,6.57,150.59,papaya
47.75,63.25,51.86,32.53,91.05,6.81,91.56,papaya
45.86,51.38,49.65,39.64,92.49,6.69,64.91,papaya
57.33,52.62,50.29,31.64,93.55,6.73,141.91,papaya
56.75,70.67,52.22,33.03,92.5,6.68,95.13,papaya
47.66,52.67,51.63,27.88,94.17,6.84,146.08,papaya
52.5,54.02,50.68,39.21,91.62,6.56,181.92,papaya
55.34,50.5,48.17,28.99,91.59,6.71,131.01,papaya
46.81,52.76,49.43,34.38,92.1,6.89,171.67,papaya
38.58,60.77,51.51,31.22,90.63,6.75,144.6,papaya
42.69,48.43,49.78,32.28,91.98,6.74,87.1,papaya
48.7,60.83,49.13,24.72,91.91,6.62,159.02,papaya
55.29,47.13,51.9,27.66,94.45,6.74,79.56,papaya
42.51,59.68,49.02,32.99,94.52,6.66,148.15,papaya
64.92,59.19,45.98,36.15,91.05,6.93,101.8,papaya
78.48,66.67,48.01,33.61,93.44,6.85,168.22,papaya
35.33,16.73,29.08,26.24,96.43,6.09,184.42,coconut
32.47,5.0,30.78,26.66,98.25,5.62,214.48,coconut
27.97,20.56,34.19,26.92,95.4,6.06,166.02,coconut
27.32,13.03,29.89,24.75,95.47,5.97,169.52,coconut
28.87,8.54,34.82,26.42,94.17,5.76,178.07,coconut
36.17,23.97,32.14,26.91,93.69,5.64,172.73,coconut
26.03,24.05,30.77,27.71,97.19,5.89,134.87,coconut
36.16,26.0,26.58,27.63,95.36,6.04,215.85,coconut
35.9,21.57,31.18,26.96,93.6,5.99,156.07,coconut
25.42,15.21,28.41,26.6,93.77,6.13,138.97,coconut
26.79,18.32,29.22,26.37,90.93,6.09,192.88,coconut
30.58,23.99,30.5,26.86,94.85,6.17,140.04,coconut
21.92,27.42,23.85,26.39,97.14,5.98,167.88,coconut
28.31,15.29,30.08,25.99,96.99,6.36,174.33,coconut
18.83,14.23,29.54,26.88,92.23,5.81,189.63,coconut
33.37,13.62,26.67,28.96,96.26,5.93,198.14,coconut
26.72,22.92,30.4,26.57,94.24,5.64,223.53,coconut
21.62,9.0,29.47,25.78,94.38,6.17,201.14,coconut
32.59,15.59,30.12,26.81,90.54,6.14,142.89,coconut
40.25,14.97,29.54,25.92,93.08,6.57,199.83,coconut
17.82,26.9,32.98,26.29,95.19,6.0,224.35,coconut
22.52,18.41,28.93,25.43,99.43,5.7,182.73,coconut
16.62,15.01,31.05,25.88,95.82,5.93,205.05,coconut
36.01,13.83,30.19,26.64,95.89,6.0,182.02,coconut
25.98,18.22,33.24,26.98,96.08,6.18,173.85,coconut
29.49,10.72,33.17,24.41,94.3,6.29,145.11,coconut
30.0,13.25,29.08,27.21,94.95,5.49,154.31,coconut
33.6,20.31,34.37,27.76,93.73,6.63,178.08,coconut
21.48,13.54,24.36,27.71,98.09,5.75,172.09,coconut
28.1,11.5,25.61,26.34,93.78,5.9,182.79,coconut
36.43,15.61,30.43,27.05,95.75,5.85,179.79,coconut
30.92,10.45,33.16,27.57,92.87,6.05,192.75,coconut
24.09,20.51,30.41,25.4,95.53,5.72,199.81,coconut
23.3,16.49,33.43,26.87,92.07,5.75,163.27,coconut
29.97,19.74,27.89,25.62,95.13,5.95,228.73,coconut
27.73,28.84,27.07,25.32,91.98,6.3,219.21,coconut
22.61,14.62,27.08,25.14,96.12,6.06,177.75,coconut
18.75,27.75,28.74,26.9,91.23,5.95,184.42,coconut
29.54,18.47,31.24,25.65,94.94,6.03,183.0,coconut
27.95,9.54,26.71,24.84,96.34,6.21,197.53,coconut
29.42,5.0,27.43,26.63,94.8,5.94,186.26,coconut
27.57,18.25,28.4,27.24,93.53,5.67,159.19,coconut
25.32,23.71,29.89,26.36,91.69,6.2,162.02,coconut
26.87,26.75,31.27,25.28,90.52,5.98,148.7,coconut
31.55,17.76,30.41,25.97,98.42,6.71,170.88,coconut
29.71,18.11,29.35,25.88,92.06,5.72,187.12,coconut
24.25,5.0,31.11,26.47,97.53,6.09,142.38,coconut
13.56,13.0,28.44,27.21,94.48,6.28,146.04,coconut
33.53,22.01,24.95,27.49,94.71,6.1,156.96,coconut
35.47,10.09,32.08,27.12,92.31,6.5,183.0,coconut
31.59,7.96,35.29,25.58,96.81,5.75,162.8,coconut
32.43,23.92,26.82,27.32,96.85,5.77,215.47,coconut
18.39,13.6,31.2,25.86,95.09,6.06,173.06,coconut
32.7,16.07,30.58,27.36,96.28,6.2,150.21,coconut
30.78,12.01,26.8,26.45,92.47,6.2,196.85,coconut
15.61,12.32,26.35,26.15,95.52,5.94,163.49,coconut
35.63,5.0,33.09,26.09,94.32,5.87,214.14,coconut
19.81,17.57,31.32,25.29,92.43,5.96,156.44,coconut
22.4,15.31,31.62,26.24,96.93,5.75,147.77,coconut
39.54,13.39,26.72,25.19,96.92,5.91,171.47,coconut
26.5,23.83,29.55,28.26,94.8,6.27,196.62,coconut
27.27,13.83,30.83,26.88,93.21,6.04,206.86,coconut
40.44,22.84,34.66,26.03,96.08,6.33,156.21,coconut
24.47,28.36,27.56,25.49,97.94,6.3,187.76,coconut
27.21,14.76,30.7,27.68,95.04,6.54,156.17,coconut
27.38,15.17,27.29,26.39,95.44,6.13,229.05,coconut
30.4,24.69,30.17,27.76,99.9,6.13,153.92,coconut
24.07,19.26,31.14,27.02,95.54,6.0,162.39,coconut
30.01,29.09,32.55,26.9,96.82,5.91,165.43,coconut
22.83,16.72,28.94,27.41,93.43,5.8,223.64,coconut
24.68,18.46,31.13,25.65,97.28,6.16,214.51,coconut
23.25,18.12,30.1,26.7,91.23,6.03,143.62,coconut
29.74,5.0,25.37,27.11,93.27,5.75,207.68,coconut
29.55,22.95,29.58,28.51,93.14,6.44,176.04,coconut
17.16,20.52,30.79,25.71,92.43,5.99,185.81,coconut
12.06,24.08,28.76,25.5,96.62,5.99,206.38,coconut
30.24,17.49,29.62,26.86,93.57,5.79,191.99,coconut
26.6,17.71,32.72,26.41,94.53,5.85,187.73,coconut
29.69,23.13,28.55,26.16,96.28,6.06,155.98,coconut
35.67,6.88,31.96,25.55,98.74,5.61,204.87,coconut
26.99,15.21,30.46,26.97,92.47,5.8,192.93,coconut
16.83,13.85,37.6,25.77,97.08,5.85,189.59,coconut
31.59,24.56,29.5,27.99,93.17,6.06,183.33,coconut
20.49,15.71,30.4,26.18,99.99,5.79,205.51,coconut
32.85,17.41,27.84,25.92,93.33,5.55,153.67,coconut
18.23,25.91,31.55,27.09,95.82,6.04,212.19,coconut
23.68,18.17,31.87,25.51,100.0,6.01,180.87,coconut
35.36,23.22,30.1,26.6,91.12,5.86,189.78,coconut
30.27,25.13,29.7,25.46,96.88,6.36,198.83,coconut
26.48,24.03,38.57,26.59,91.55,5.85,192.36,coconut
17.47,18.56,30.95,27.65,97.45,6.22,126.14,coconut
33.26,21.91,30.64,25.2,92.75,5.71,129.64,coconut
27.48,12.51,36.56,26.37,97.41,5.61,164.91,coconut
28.11,11.82,28.94,26.34,93.97,6.46,186.48,coconut
30.5,20.87,31.53,26.44,93.78,6.04,204.97,coconut
34.54,16.0,31.92,26.35,94.58,5.88,173.19,coconut
35.88,18.08,30.34,25.41,93.8,5.94,157.81,coconut
27.64,14.82,30.2,26.59,92.35,5.9,179.34,coconut
34.9,19.1,28.35,26.8,98.34,6.23,190.5,coconut
32.03,26.5,32.69,26.93,96.9,5.73,141.82,coconut
121.57,47.93,18.64,24.83,75.34,6.61,71.36,cotton
103.64,56.84,16.6,23.41,82.27,7.26,66.69,cotton
126.82,49.31,25.83,24.4,79.65,6.43,69.42,cotton
111.74,56.07,20.04,24.57,83.79,5.6,84.59,cotton
120.55,50.22,17.93,23.24,81.22,8.21,82.52,cotton
132.66,46.3,18.5,23.22,78.78,5.77,69.56,cotton
114.4,46.4,20.33,24.36,79.96,6.58,60.27,cotton
114.25,41.42,21.17,24.91,82.35,7.32,74.0,cotton
114.78,42.83,16.23,24.99,79.56,6.21,68.8,cotton
111.33,47.77,22.67,23.65,74.37,6.8,73.83,cotton
117.75,43.58,20.54,24.07,79.94,7.13,71.78,cotton
115.13,56.13,21.4,24.83,83.07,7.19,81.96,cotton
104.21,48.78,19.54,25.68,82.32,6.55,77.8,cotton
121.68,50.34,17.45,24.36,79.43,7.06,69.57,cotton
114.15,54.84,17.37,23.02,79.87,6.48,68.36,cotton
121.05,38.09,17.48,26.05,81.15,6.49,78.14,cotton
125.67,53.72,19.68,24.98,74.9,6.32,76.23,cotton
123.3,41.8,20.65,23.38,79.31,7.46,81.82,cotton
110.03,40.89,18.97,23.97,78.36,7.47,77.61,cotton
124.06,39.58,22.92,21.18,82.09,7.41,71.76,cotton
132.73,47.11,20.16,24.34,87.97,7.64,80.26,cotton
110.87,48.4,17.97,24.82,80.35,6.28,75.61,cotton
111.51,48.45,17.85,24.03,81.88,6.87,72.07,cotton
122.03,51.86,17.23,24.26,83.29,7.22,75.43,cotton
126.4,50.33,21.88,21.98,76.12,7.45,63.71,cotton
124.02,45.3,17.51,24.35,80.5,8.06,70.31,cotton
134.4,49.7,18.35,24.8,81.41,6.92,77.0,cotton
114.03,42.34,21.9,23.78,79.8,7.05,76.99,cotton
105.71,55.54,20.3,23.8,81.08,7.03,80.75,cotton
125.38,51.99,23.38,24.88,79.6,6.28,87.51,cotton
117.62,44.54,15.66,24.34,80.37,6.07,78.4,cotton
115.02,64.31,18.58,23.56,77.81,7.6,72.2,cotton
112.75,51.92,16.55,24.63,84.45,7.21,79.78,cotton
128.7,58.19,23.02,24.44,82.26,6.41,80.82,cotton
109.94,45.21,12.29,24.4,78.39,7.51,77.93,cotton
131.24,40.73,22.6,26.11,81.91,7.33,76.27,cotton
114.75,52.26,16.23,23.58,75.57,6.51,79.82,cotton
125.05,47.82,20.43,22.11,79.07,6.53,70.06,cotton
126.0,42.12,18.49,21.91,79.26,6.3,75.59,cotton
110.49,48.15,19.64,25.67,81.24,5.89,65.51,cotton
120.55,41.69,12.58,25.35,81.8,7.19,70.45,cotton
124.28,43.1,20.51,23.08,83.79,6.04,84.24,cotton
120.39,44.44,20.42,24.73,83.42,7.07,68.32,cotton
120.56,58.85,23.37,24.91,81.99,7.28,83.69,cotton
115.43,39.03,20.17,23.18,77.36,6.5,93.64,cotton
121.36,49.76,16.94,22.16,77.95,7.69,77.51,cotton
125.99,52.12,18.52,25.39,78.42,7.67,78.32,cotton
102.11,42.82,15.54,25.16,79.94,5.67,77.82,cotton
114.63,38.23,24.19,24.11,79.27,6.68,63.65,cotton
106.95,55.53,18.82,24.02,74.89,6.18,79.57,cotton
123.78,58.46,23.36,23.77,81.18,6.73,90.41,cotton
131.49,48.56,20.5,25.44,81.45,7.76,58.55,cotton
124.61,44.28,24.39,25.55,80.08,7.74,88.37,cotton
120.74,62.95,19.92,23.79,82.16,6.71,75.64,cotton
134.09,47.62,15.76,24.37,78.26,7.38,80.22,cotton
134.71,53.17,22.73,23.33,82.01,7.98,69.84,cotton
138.0,44.07,17.87,24.3,81.79,7.4,67.79,cotton
124.35,43.22,16.28,23.07,78.12,7.19,83.64,cotton
105.27,49.7,17.06,24.63,78.44,6.32,81.0,cotton
114.13,45.53,14.45,24.95,82.05,6.9,63.54,cotton
132.09,43.34,18.87,26.31,78.24,7.31,79.22,cotton
123.9,49.26,20.94,24.27,79.87,7.73,65.16,cotton
130.21,52.64,21.75,25.12,79.77,5.87,74.46,cotton
110.09,42.93,16.89,23.52,78.51,5.59,80.25,cotton
140.0,51.29,19.49,23.95,78.95,6.95,74.72,cotton
111.59,58.02,16.28,24.72,79.75,7.95,77.56,cotton
116.4,45.95,20.1,22.86,78.08,5.92,68.08,cotton
120.94,49.38,15.05,23.86,81.41,6.81,70.25,cotton
115.88,44.12,18.41,24.17,85.77,6.49,72.61,cotton
119.48,43.2,22.75,21.63,78.67,7.35,72.79,cotton
111.79,50.25,22.27,24.21,78.0,7.15,71.98,cotton
127.45,56.77,13.49,24.11,75.66,8.24,71.49,cotton
127.46,47.28,17.99,23.08,83.96,7.43,89.58,cotton
120.55,49.3,19.33,23.71,77.4,6.95,69.08,cotton
124.42,48.56,20.72,25.68,79.91,7.32,90.39,cotton
133.07,54.71,19.23,24.23,76.7,7.17,77.06,cotton
120.23,53.92,16.98,25.63,82.25,6.86,73.88,cotton
124.81,57.01,20.25,24.14,80.05,7.88,72.23,cotton
119.7,56.65,20.37,25.14,77.72,6.79,86.13,cotton
113.24,46.55,20.64,23.01,78.97,6.96,75.35,cotton
132.8,57.13,17.86,24.11,81.69,7.73,80.39,cotton
122.91,51.67,21.68,23.07,80.48,7.7,73.44,cotton
121.29,45.98,14.22,24.02,80.75,6.62,66.34,cotton
111.19,52.28,24.93,25.38,76.64,7.37,70.03,cotton
114.18,44.61,21.77,24.96,79.75,6.86,78.48,cotton
125.68,54.85,16.79,24.02,77.33,6.87,73.3,cotton
119.53,42.5,16.28,21.91,79.67,6.66,69.93,cotton
133.23,42.13,23.54,25.62,75.12,6.95,72.0,cotton
90.88,38.47,21.94,26.02,82.26,7.08,74.84,cotton
136.83,60.93,18.53,22.0,74.75,7.63,74.65,cotton
121.83,36.31,18.12,23.7,80.52,6.68,67.22,cotton
112.15,55.05,20.61,24.61,77.75,5.28,71.08,cotton
111.33,49.68,28.21,24.7,86.84,7.21,70.28,cotton
123.48,58.63,24.57,23.42,80.63,6.11,81.19,cotton
135.53,47.75,18.33,24.36,81.04,6.94,76.34,cotton
118.26,53.72,21.84,23.02,77.47,6.76,80.53,cotton
121.48,43.48,20.65,23.67,82.2,7.08,72.64,cotton
122.32,55.72,18.58,24.4,79.82,7.13,70.09,cotton
121.1,54.42,17.66,22.67,76.77,6.26,79.46,cotton
105.94,45.64,21.55,24.42,79.04,7.01,75.8,cotton
77.76,46.18,45.59,25.11,86.8,6.53,173.94,jute
66.68,42.44,44.75,24.11,84.7,6.26,161.83,jute
76.59,47.1,42.31,24.84,75.94,6.65,171.01,jute
70.85,41.95,42.57,23.13,83.57,6.58,165.34,jute
87.4,56.78,42.79,24.88,81.58,6.1,168.48,jute
70.89,55.15,39.04,25.13,79.51,6.4,167.66,jute
92.94,42.65,40.31,23.91,76.32,6.68,165.21,jute
70.4,49.29,37.89,23.89,73.98,6.67,186.8,jute
95.07,42.96,45.38,23.75,81.56,6.45,164.11,jute
72.55,47.17,41.45,25.0,73.96,6.35,163.54,jute
78.89,46.19,37.62,24.7,85.98,6.52,169.58,jute
85.6,44.01,41.67,23.96,84.37,6.82,167.25,jute
74.11,44.29,43.43,23.55,75.0,6.5,174.8,jute
77.29,38.18,39.0,24.43,75.14,6.94,186.49,jute
79.22,48.94,34.6,24.18,81.27,6.55,165.78,jute
102.78,58.87,41.17,25.35,69.15,6.42,169.13,jute
77.64,44.44,33.62,24.79,79.54,7.26,165.15,jute
71.3,30.75,39.27,25.18,75.21,7.45,171.79,jute
81.47,38.98,40.72,23.02,80.1,6.95,191.99,jute
69.8,48.5,41.41,24.83,74.26,5.86,179.34,jute
78.48,43.96,41.91,24.47,72.55,6.02,160.89,jute
103.93,52.02,40.47,24.36,76.57,7.11,168.87,jute
85.77,45.32,44.85,25.06,82.17,6.5,188.23,jute
76.87,48.19,44.09,23.72,78.26,6.85,181.5,jute
75.49,60.54,36.76,25.59,82.06,7.37,155.15,jute
71.31,56.82,35.31,23.3,75.67,6.77,194.9,jute
78.15,43.7,40.78,24.85,79.15,6.64,150.56,jute
70.82,56.38,40.47,24.26,81.69,6.3,172.18,jute
81.38,44.74,40.25,24.36,72.25,6.76,158.4,jute
81.66,56.09,39.3,23.62,77.02,6.41,182.43,jute
78.52,58.19,42.91,24.39,80.18,6.56,175.42,jute
76.39,52.29,43.58,25.1,80.96,7.02,181.89,jute
68.61,58.13,44.51,24.32,76.11,6.91,181.89,jute
77.98,39.69,40.76,24.91,80.22,6.82,171.61,jute
89.94,47.91,38.84,24.36,70.95,6.64,183.61,jute
83.4,57.0,39.34,24.87,80.47,7.52,176.81,jute
69.56,52.8,44.66,24.26,80.65,7.13,187.71,jute
81.26,43.13,39.8,24.84,80.91,6.82,170.25,jute
85.55,52.88,40.95,23.87,76.82,7.03,157.71,jute
59.07,56.93,41.28,24.96,73.46,6.96,178.44,jute
64.16,56.4,40.4,24.2,76.08,5.99,182.42,jute
82.62,46.29,43.2,23.46,75.26,6.4,171.52,jute
80.67,50.19,39.13,23.84,83.82,7.54,176.79,jute
72.43,56.72,36.38,24.25,74.89,6.29,171.5,jute
71.36,47.58,40.07,24.03,76.11,6.62,185.12,jute
78.52,52.65,41.46,24.93,82.7,6.31,169.09,jute
97.63,45.89,32.96,24.35,78.01,5.78,191.67,jute
72.86,49.55,39.44,23.53,73.49,6.37,188.57,jute
78.52,44.24,37.66,25.4,82.99,7.11,181.16,jute
82.9,39.9,39.39,23.99,70.65,7.07,166.3,jute
91.96,53.01,41.39,24.96,75.19,7.35,175.54,jute
83.02,43.44,37.67,24.86,78.32,6.42,157.02,jute
67.3,54.98,38.47,24.25,82.94,6.31,165.91,jute
72.31,57.61,44.98,25.06,80.44,6.5,199.34,jute
82.68,52.83,39.74,24.3,83.74,6.89,193.14,jute
82.55,42.2,38.54,24.58,75.15,6.31,190.02,jute
74.55,48.36,40.74,24.06,82.94,6.31,178.27,jute
82.46,47.16,36.76,25.15,80.29,6.46,183.84,jute
83.75,39.5,37.87,25.35,78.66,6.5,164.27,jute
74.85,44.72,37.89,23.19,81.78,7.04,159.08,jute
81.36,41.86,39.35,24.24,75.9,7.4,169.5,jute
71.92,42.73,42.61,23.26,74.64,7.21,178.05,jute
81.92,60.83,40.62,23.97,76.44,6.3,190.7,jute
85.75,54.53,43.03,24.19,73.96,6.68,164.09,jute
81.65,54.58,39.58,24.61,77.15,6.98,166.65,jute
58.04,50.44,42.47,24.83,75.1,6.3,181.18,jute
81.41,46.71,44.56,23.79,84.16,6.71,152.06,jute
78.21,53.5,39.09,23.39,76.88,6.4,181.15,jute
87.73,40.9,38.24,25.07,74.28,6.32,160.27,jute
83.52,49.43,38.29,24.5,83.23,6.36,150.6,jute
84.55,46.81,38.22,24.99,80.65,5.93,166.84,jute
103.18,51.15,41.69,25.38,77.56,6.98,183.98,jute
85.39,45.49,40.43,24.06,77.55,6.29,165.12,jute
77.18,41.6,38.74,24.38,79.01,7.03,169.2,jute
93.35,53.37,41.26,24.62,78.7,7.12,190.29,jute
93.35,47.76,41.39,25.51,75.16,6.59,175.2,jute
89.0,53.22,39.42,23.37,78.42,6.38,156.38,jute
67.36,49.54,43.4,24.53,78.29,7.11,155.69,jute
85.2,47.43,41.42,24.14,74.43,6.75,195.61,jute
88.61,44.33,36.65,23.24,82.44,6.37,170.93,jute
93.21,37.41,43.73,24.31,73.19,6.61,165.97,jute
84.41,43.45,35.22,24.33,72.41,6.77,160.16,jute
75.12,48.64,39.47,24.69,80.05,6.29,174.2,jute
46.7,49.05,39.25,23.76,78.68,7.11,169.05,jute
70.55,48.53,36.66,24.0,82.08,6.72,151.51,jute
62.03,48.51,42.16,23.29,79.19,7.17,198.6,jute
83.31,50.67,34.67,26.07,75.34,6.37,171.81,jute
95.12,61.3,40.31,25.25,77.66,6.34,193.46,jute
73.78,57.1,43.25,24.96,84.36,7.48,172.81,jute
71.91,35.85,45.61,24.17,81.76,6.44,194.23,jute
73.0,40.05,39.48,24.1,79.74,6.68,182.85,jute
77.09,43.34,38.54,26.03,78.34,6.01,168.5,jute
80.97,59.03,42.57,23.81,86.57,6.69,190.58,jute
68.45,32.51,36.48,22.06,85.42,6.78,163.44,jute
84.53,48.68,41.55,25.41,76.41,6.39,185.35,jute
88.02,48.13,45.44,24.17,74.13,6.85,166.56,jute
84.96,42.29,39.0,25.92,75.98,6.42,189.63,jute
69.49,43.17,41.44,25.2,82.08,6.44,182.45,jute
75.34,43.71,43.01,24.09,78.54,6.75,161.62,jute
89.66,51.0,35.03,24.71,74.6,7.08,156.93,jute
96.44,26.81,30.14,26.45,52.41,7.1,168.66,coffee
113.6,29.37,29.97,23.89,57.18,7.08,186.94,coffee
93.8,10.91,29.47,25.14,58.75,6.76,176.12,coffee
109.9,27.23,25.5,25.07,71.52,6.71,165.32,coffee
103.59,27.08,24.04,25.2,59.81,6.98,158.51,coffee
83.53,27.15,27.99,23.98,55.83,6.76,184.25,coffee
104.83,28.16,31.18,25.63,63.48,5.87,159.86,coffee
89.55,30.81,29.63,25.54,52.47,6.91,170.83,coffee
105.57,20.93,28.07,25.78,56.53,6.73,111.58,coffee
95.12,33.98,31.1,25.71,69.93,5.9,140.17,coffee
95.99,29.29,32.19,24.42,64.99,6.48,183.25,coffee
89.67,24.38,28.77,26.82,57.39,6.59,168.27,coffee
105.45,29.43,30.53,24.98,58.25,6.61,162.8,coffee
98.53,25.1,26.21,26.33,60.91,6.9,157.5,coffee
82.62,23.21,29.5,26.43,49.65,6.61,168.42,coffee
93.39,25.37,28.43,24.59,57.96,6.39,172.03,coffee
92.65,20.49,34.42,26.7,50.69,6.37,162.65,coffee
103.24,17.55,32.9,26.53,62.41,7.01,167.11,coffee
104.49,32.79,32.75,24.45,63.17,6.4,168.21,coffee
104.77,18.08,29.7,25.83,57.82,6.69,174.63,coffee
99.69,26.12,33.46,26.09,61.0,6.31,171.76,coffee
103.3,31.42,30.12,23.23,51.5,6.82,145.38,coffee
104.37,25.57,29.58,25.38,55.67,6.6,145.08,coffee
96.28,23.38,29.43,26.65,59.35,6.91,190.18,coffee
108.55,27.67,30.82,26.58,60.45,6.9,170.55,coffee
96.4,29.48,30.23,25.37,57.62,6.65,178.67,coffee
108.89,26.77,31.5,27.09,59.25,6.27,185.15,coffee
94.7,21.55,25.51,26.21,51.89,6.37,170.0,coffee
107.22,21.74,29.66,24.41,57.26,6.68,146.84,coffee
97.56,17.68,32.83,26.14,63.96,6.99,139.96,coffee
96.42,15.53,37.85,25.31,65.19,6.23,178.67,coffee
118.58,24.7,27.47,25.33,48.87,6.59,174.95,coffee
99.64,23.58,31.32,26.26,51.7,6.63,209.26,coffee
86.65,24.57,34.85,26.88,57.43,6.66,157.46,coffee
92.52,24.63,29.3,25.64,56.26,6.22,156.62,coffee
117.15,25.41,29.17,26.44,59.21,7.16,157.42,coffee
107.0,21.23,31.26,25.84,59.72,6.45,143.94,coffee
102.82,28.14,29.68,25.86,59.81,6.63,153.24,coffee
100.18,38.49,30.78,26.31,62.19,6.52,185.0,coffee
97.09,30.28,29.16,24.3,61.83,6.27,168.88,coffee
88.06,23.4,26.42,29.03,51.73,6.6,181.8,coffee
110.36,29.26,29.21,27.19,64.57,6.66,162.61,coffee
96.96,20.45,33.09,27.14,55.58,6.55,154.45,coffee
99.67,25.32,32.37,24.57,55.77,6.97,147.67,coffee
87.37,22.57,29.17,27.44,64.62,6.94,174.92,coffee
109.46,21.56,29.5,24.26,58.95,6.81,160.36,coffee
113.11,19.29,31.25,23.94,60.47,6.82,152.94,coffee
105.51,20.2,25.84,26.2,68.72,6.3,183.47,coffee
100.43,18.32,27.17,25.52,57.98,6.21,121.5,coffee
91.53,25.97,29.98,24.87,61.01,6.91,165.88,coffee
98.79,29.64,27.6,25.22,58.99,6.23,148.58,coffee
79.25,34.56,27.66,27.48,60.19,6.77,147.11,coffee
102.08,28.25,31.66,26.47,58.16,6.46,123.62,coffee
105.23,30.41,34.04,25.88,56.17,6.09,179.64,coffee
82.04,23.3,29.44,25.41,60.18,6.64,106.17,coffee
100.15,13.85,31.83,24.81,49.21,6.36,145.39,coffee
111.91,25.98,30.86,26.98,59.52,6.83,172.03,coffee
87.14,32.36,26.45,26.65,52.41,6.78,197.07,coffee
97.87,23.72,31.53,25.09,69.09,6.66,150.7,coffee
94.6,20.34,28.43,25.06,57.56,6.4,202.1,coffee
89.7,25.73,31.48,26.29,59.71,6.53,167.1,coffee
102.67,23.71,26.1,24.92,54.27,6.4,158.21,coffee
103.59,33.9,28.66,26.47,61.53,6.99,169.74,coffee
89.92,16.38,30.78,24.84,55.1,6.22,160.92,coffee
115.08,22.96,31.48,25.37,53.55,6.82,134.24,coffee
100.22,23.29,32.23,24.18,61.95,6.35,146.64,coffee
63.65,35.46,31.38,24.54,54.38,6.45,172.73,coffee
81.08,24.29,34.43,24.08,60.4,7.26,170.93,coffee
101.26,27.53,29.0,27.12,58.0,6.01,149.18,coffee
90.33,23.59,29.35,27.0,63.48,6.68,157.44,coffee
89.41,14.09,30.28,26.49,59.46,6.44,167.37,coffee
99.17,33.43,33.08,26.7,63.79,6.21,171.59,coffee
103.76,28.03,31.23,26.07,73.5,6.58,177.4,coffee
95.29,28.95,32.35,25.96,68.35,6.33,147.15,coffee
102.12,29.4,30.45,27.11,56.69,6.26,164.05,coffee
99.23,27.71,29.93,25.07,59.63,6.61,151.02,coffee
97.97,22.98,32.14,25.74,71.28,6.65,145.79,coffee
126.71,27.07,32.48,26.24,63.12,6.76,134.08,coffee
103.68,18.38,29.56,24.59,61.79,6.7,167.72,coffee
102.87,21.97,29.35,26.65,65.34,6.26,124.97,coffee
92.73,30.23,33.04,24.34,61.54,7.15,166.33,coffee
114.22,29.99,27.72,25.26,60.17,6.63,176.97,coffee
104.09,10.32,26.72,22.77,60.88,6.67,163.52,coffee
90.41,28.37,31.79,23.93,52.67,6.6,195.58,coffee
117.0,27.82,28.18,26.61,57.74,6.37,111.94,coffee
101.02,21.85,30.24,22.63,60.85,5.87,180.62,coffee
105.22,23.61,31.41,24.28,60.36,6.84,91.75,coffee
95.53,24.89,29.51,27.32,54.38,6.41,116.79,coffee
115.1,23.77,28.9,25.43,63.18,6.7,213.77,coffee
104.54,22.67,28.6,25.01,52.49,6.61,174.15,coffee
93.87,20.96,33.79,23.72,49.66,6.25,124.77,coffee
103.86,23.2,29.45,26.94,56.54,6.83,189.62,coffee
95.44,28.69,29.4,26.66,52.14,6.11,149.19,coffee
91.11,22.42,29.45,26.4,57.96,6.35,150.03,coffee
92.31,20.33,25.97,25.59,57.16,6.89,126.74,coffee
94.58,34.06,27.65,25.2,53.92,6.2,190.38,coffee
101.71,25.67,25.76,25.95,65.79,6.94,171.7,coffee
88.71,26.57,31.67,23.26,54.39,6.87,176.12,coffee
84.51,28.98,30.24,26.48,56.83,6.79,175.43,coffee
96.49,25.09,28.38,27.56,59.4,6.32,142.29,coffee
